page,zip,size,year,make,model,trim,option,product,qty,session
product,44130,,2012,BMW,328i,Convertible,M Sport Package,,,uid=399811AC-D54E-0492-791BE37E10B2FEA6&ssid=ca821b93-832b-450f-a60b-9354a3140e12
product,44321,,2013,Dodge,Challenger,R/T,Standard,,,uid=61AE878B-F1C9-452C-9796C5DEC138D342&ssid=b9343dcf-b503-4f25-b2f6-2f68374596bd
product,44321,,2012,Dodge,Durango,Crew AWD,,,,uid=61AE878B-F1C9-452C-9796C5DEC138D342&ssid=d16d8a43-17bc-4c7b-886e-ff0915ad5754
product,44130,,2012,BMW,640i,Convertible,"M Sport Package (19"")",,,uid=399811AC-D54E-0492-791BE37E10B2FEA6&ssid=9f7ed223-2431-426b-8255-81a0f0f6ed63
product,44130,,2013,BMW,328i,Convertible,Standard,,,uid=399811AC-D54E-0492-791BE37E10B2FEA6&ssid=ecc75573-07fd-47b9-9f9e-69ab02138b47
product,44321,,2009,Kia,Spectra,EX,,,,uid=EBE348C5-F4A8-28FF-FCA730B8A0781699&ssid=2878d7e7-17f9-495e-a711-baf4905fff44
product,44130,,2012,BMW,640i,Convertible,"Option (19"")",,,uid=399811AC-D54E-0492-791BE37E10B2FEA6&ssid=070b51f3-b038-41b0-87a3-6ae7006f2162
product,44130,,2012,BMW,328i,Convertible,Standard,,,uid=399811AC-D54E-0492-791BE37E10B2FEA6&ssid=d232fa87-a71b-4ea1-a9a4-3a0cc6789263
product,44321,,2012,Dodge,Challenger,R/T Plus,Standard,,,uid=61AE878B-F1C9-452C-9796C5DEC138D342&ssid=cefcaadf-b08c-4a24-8e4c-a921ebf74d3f
product,44130,,2012,BMW,328i,Sedan Base,Standard,,,uid=399811AC-D54E-0492-791BE37E10B2FEA6&ssid=3c589a04-5af3-47f6-b9e4-7a7c9e579f00
product,44321,,2012,Kia,Sorento,LX,,,,uid=EBE348C5-F4A8-28FF-FCA730B8A0781699&ssid=c70a6644-84f4-406d-a300-146fa04d1356
product,44305,,2003,Mercedes-Benz,E320,Sedan,Sport Package,,,uid=5E276E14-ABFE-3B28-66D3F9E68B8C3D0B&ssid=7765256e-13c9-4498-b4f3-2cc65b1d6f3b
product,44130,,2003,BMW,525i,Sedan,Sport Package,,,uid=399811AC-D54E-0492-791BE37E10B2FEA6&ssid=3873053f-2cfa-4dec-a1e0-ce54f8fb7349
product,44130,,2007,BMW,525xi,Sedan,Sport Package,,,uid=399811AC-D54E-0492-791BE37E10B2FEA6&ssid=0ca3cce0-8d85-4575-9b01-a26dcea6d560
product,44223,,2012,Audi,Q5,2.0T Premium,,,,uid=3C7C80D1-EBD3-8EE0-97924D011FF9B062&ssid=c549b5f5-7284-4c22-8b26-82fe91da832f
product,44305,,2012,Mercedes-Benz,G550,SUV,,,,uid=5E276E14-ABFE-3B28-66D3F9E68B8C3D0B&ssid=637c9147-d5ff-4dbd-935d-3261c1752e91
product,76107,,2012,BMW,328i,Convertible,M Sport Package,,,uid=76FA3CF6-C1D8-D7FA-82488F3A724B7384&ssid=c12242f3-0cf4-448b-aaac-d6786c4185de
product,76107,,2013,Dodge,Challenger,R/T,Standard,,,uid=99E3A03D-AC58-4441-C5AC01A8A68F0849&ssid=f7f1c451-f076-4e2b-bdbd-09c7509f4af2
product,76107,,2012,Dodge,Durango,Crew AWD,,,,uid=99E3A03D-AC58-4441-C5AC01A8A68F0849&ssid=6d501c1c-51a5-46f2-89c8-45ffbe9b989d
product,76107,,2012,BMW,640i,Convertible,"M Sport Package (19"")",,,uid=76FA3CF6-C1D8-D7FA-82488F3A724B7384&ssid=dcc74754-7d4e-426f-bb8b-894de273a5b4
product,76107,,2013,BMW,328i,Convertible,Standard,,,uid=76FA3CF6-C1D8-D7FA-82488F3A724B7384&ssid=80a1ca7f-7a59-430d-9cac-d5ffc9bfa9e2
product,76021,,2004,Mercedes-Benz,ML350,Base,,,,uid=40030C3B-B0BC-A8EE-66D92B5007D0D7EB&ssid=a5692422-e35f-4e32-ba7a-6e1726bd4ab5
product,75062,,2009,Kia,Spectra,EX,,,,uid=76FA3CF6-C1D8-D7FA-82488F3A724B7384&ssid=26787393-99e7-42ce-89ce-b9b28f478bef
product,76107,,2012,BMW,640i,Convertible,"Option (19"")",,,uid=76FA3CF6-C1D8-D7FA-82488F3A724B7384&ssid=4dbf53b4-b813-40a1-be1d-30b29f5e9331
product,76107,,2012,BMW,328i,Convertible,Standard,,,uid=76FA3CF6-C1D8-D7FA-82488F3A724B7384&ssid=65105c89-b2d4-417f-9254-0a81c53512f4
product,76107,,2012,Dodge,Challenger,R/T Plus,Standard,,,uid=99E3A03D-AC58-4441-C5AC01A8A68F0849&ssid=dda44e61-66f5-41bb-8ba0-6c45d401df54
product,76107,,2012,BMW,328i,Sedan Base,Standard,,,uid=76FA3CF6-C1D8-D7FA-82488F3A724B7384&ssid=e862986d-63f6-40a7-8fdd-6e6decb7fae9
product,75062,,2012,Kia,Sorento,LX,,,,uid=40030C3B-B0BC-A8EE-66D92B5007D0D7EB&ssid=6feeda25-9224-45f2-8f39-3b15e1a6c28d
product,76021,,2003,Mercedes-Benz,E320,Sedan,Sport Package,,,uid=26B1171A-AF65-E65E-320316718748E4E1&ssid=feb90607-5eb9-4a27-8384-c7ba7e9e623a
product,76107,,2003,BMW,525i,Sedan,Sport Package,,,uid=76FA3CF6-C1D8-D7FA-82488F3A724B7384&ssid=aee6a9fe-1332-4a97-9c4f-c7ff44ea174c
product,76107,,2007,BMW,525xi,Sedan,Sport Package,,,uid=76FA3CF6-C1D8-D7FA-82488F3A724B7384&ssid=a33f40fc-2e02-4347-aa74-27f94bd8979e
product,76107,,2012,Audi,Q5,2.0T Premium,,,,uid=2FF02F6A-ED7F-4323-5567C89246F9D6C1&ssid=66a7ced9-c8e7-4023-ade7-5d169ba30d8f
product,76021,,2012,Mercedes-Benz,G550,SUV,,,,uid=26B1171A-AF65-E65E-320316718748E4E1&ssid=e0fa3c26-2f28-4899-87e1-3313deabbdb3
verify,44130,,2012,BMW,328i,Convertible,M Sport Package,,,uid=399811AC-D54E-0492-791BE37E10B2FEA6&ssid=14679de8-501c-4ba6-8807-c3937d2052e6
verify,44321,,2013,Dodge,Challenger,R/T,Standard,,,uid=61AE878B-F1C9-452C-9796C5DEC138D342&ssid=f271e4d0-2a45-47f8-bb78-3625fcc5a1c2
verify,44321,,2012,Dodge,Durango,Crew AWD,,,,uid=61AE878B-F1C9-452C-9796C5DEC138D342&ssid=07cbfc98-5bd7-490f-8a51-406a97c2f232
verify,44130,,2012,BMW,640i,Convertible,"M Sport Package (19"")",,,uid=399811AC-D54E-0492-791BE37E10B2FEA6&ssid=e89ee495-297f-43df-b2e5-d753fd4e9e96
verify,44130,,2013,BMW,328i,Convertible,Standard,,,uid=399811AC-D54E-0492-791BE37E10B2FEA6&ssid=35130094-7331-4568-a96a-c7a58dfe4c2d
verify,44321,,2009,Kia,Spectra,EX,,,,uid=EBE348C5-F4A8-28FF-FCA730B8A0781699&ssid=5a2b4621-a384-4cd8-a8c8-c61a164f5f2d
verify,44130,,2012,BMW,640i,Convertible,"Option (19"")",,,uid=399811AC-D54E-0492-791BE37E10B2FEA6&ssid=39df3104-9d57-4f04-8dff-0208debf764e
verify,44130,,2012,BMW,328i,Convertible,Standard,,,uid=399811AC-D54E-0492-791BE37E10B2FEA6&ssid=ce162502-3eaf-4b23-8d66-8f216caa5299
verify,44321,,2012,Dodge,Challenger,R/T Plus,Standard,,,uid=61AE878B-F1C9-452C-9796C5DEC138D342&ssid=359fe6b1-e4f4-4e17-a49c-f2056eb61448
verify,44130,,2012,BMW,328i,Sedan Base,Standard,,,uid=399811AC-D54E-0492-791BE37E10B2FEA6&ssid=d175c138-f821-4cdb-ba5e-3d250f43a9ba
verify,44321,,2012,Kia,Sorento,LX,,,,uid=EBE348C5-F4A8-28FF-FCA730B8A0781699&ssid=a002d03c-65f2-4375-94e4-6bebe629badd
verify,44305,,2003,Mercedes-Benz,E320,Sedan,Sport Package,,,uid=5E276E14-ABFE-3B28-66D3F9E68B8C3D0B&ssid=ad62bc4a-c6ce-42dc-8d25-be02f80cbf60
verify,44130,,2003,BMW,525i,Sedan,Sport Package,,,uid=399811AC-D54E-0492-791BE37E10B2FEA6&ssid=31853f07-48c3-45d5-89aa-1376d85a871f
verify,44130,,2007,BMW,525xi,Sedan,Sport Package,,,uid=399811AC-D54E-0492-791BE37E10B2FEA6&ssid=bc8536f9-bdfd-4391-bb09-416f827afc8f
verify,44223,,2012,Audi,Q5,2.0T Premium,,,,uid=3C7C80D1-EBD3-8EE0-97924D011FF9B062&ssid=c17a8d02-8971-42b9-bdd6-e89e610234d0
verify,44305,,2012,Mercedes-Benz,G550,SUV,,,,uid=5E276E14-ABFE-3B28-66D3F9E68B8C3D0B&ssid=54565685-dfd6-43b2-8bfa-051c0ad52707
verify,76107,,2012,BMW,328i,Convertible,M Sport Package,,,uid=76FA3CF6-C1D8-D7FA-82488F3A724B7384&ssid=f78e0f8e-a8d2-4444-a7db-f35f60318d04
verify,76107,,2013,Dodge,Challenger,R/T,Standard,,,uid=99E3A03D-AC58-4441-C5AC01A8A68F0849&ssid=7b317ebe-72f4-4c2c-8e6d-eb7a25b11912
verify,76107,,2012,Dodge,Durango,Crew AWD,,,,uid=99E3A03D-AC58-4441-C5AC01A8A68F0849&ssid=4ac335c8-d437-45a7-8f5a-b0b36d04d314
verify,76107,,2012,BMW,640i,Convertible,"M Sport Package (19"")",,,uid=76FA3CF6-C1D8-D7FA-82488F3A724B7384&ssid=921a8484-c7f5-4a60-9d4b-588762b17876
verify,76107,,2013,BMW,328i,Convertible,Standard,,,uid=76FA3CF6-C1D8-D7FA-82488F3A724B7384&ssid=2060dec8-3a6b-4b8b-87af-1dfb69421114
verify,76021,,2004,Mercedes-Benz,ML350,Base,,,,uid=26B1171A-AF65-E65E-320316718748E4E1&ssid=983505c7-436e-46d9-ab00-9d5273408eb6
verify,75062,,2009,Kia,Spectra,EX,,,,uid=40030C3B-B0BC-A8EE-66D92B5007D0D7EB&ssid=ecb8ad1f-950d-44ae-aac9-0310738429a5
verify,76107,,2012,BMW,640i,Convertible,"Option (19"")",,,uid=76FA3CF6-C1D8-D7FA-82488F3A724B7384&ssid=4f3ebf34-2357-4f6a-8dc4-08725eaf8263
verify,76107,,2012,BMW,328i,Convertible,Standard,,,uid=76FA3CF6-C1D8-D7FA-82488F3A724B7384&ssid=3ed83e93-825a-458a-ab0b-a4ab7fe63e9e
verify,44321,,2012,Dodge,Challenger,R/T Plus,Standard,,,uid=61AE878B-F1C9-452C-9796C5DEC138D342&ssid=0f307b8b-7a03-4d5d-852b-e6aa494f1ba2
verify,44321,,2012,BMW,328i,Sedan Base,Standard,,,uid=A95FC3D1-075F-4294-35C6821E6327F7FF&ssid=fce5d918-886e-4a10-b590-78914f9194f6
product,44321,,2009,Kia,Spectra,LX,,,,uid=EBE348C5-F4A8-28FF-FCA730B8A0781699&ssid=b14d2c5a-8463-45fb-9fa1-d045aa4b85cc
product,44321,,2012,Mercedes-Benz,G550,SUV,,,,uid=5E276E14-ABFE-3B28-66D3F9E68B8C3D0B&ssid=e4bd50fb-3021-435f-8446-3031dbd89a72
verify,44321,,2012,Mercedes-Benz,G550,SUV,,,,uid=5E276E14-ABFE-3B28-66D3F9E68B8C3D0B&ssid=a13bda62-c271-452c-8826-442e73229ed3
verify,44321,,2009,Kia,Spectra,LX,,,,uid=86ADD8A7-D290-FEEA-CB68A62ABA88D6E2&ssid=a920d9f7-1349-4ee6-bb08-f136bc8523d1
verify,44321,,2012,Dodge,Durango,Crew AWD,,,,uid=61AE878B-F1C9-452C-9796C5DEC138D342&ssid=06b13ed5-3f78-4dd4-8cbc-836d99b748a5
verify,44321,,2012,Mercedes-Benz,G550,SUV,,,,uid=5E276E14-ABFE-3B28-66D3F9E68B8C3D0B&ssid=1f2538a0-3a45-4d33-96ae-509b6bb39a5d
tirecoach,44321,,2012,Kia,Sorento,LX,,,,uid=EBE348C5-F4A8-28FF-FCA730B8A0781699&ssid=704c5563-bec9-45a3-9b4d-931e6018893c
tirecoach,44321,,2012,Mercedes-Benz,G550,SUV,,,,uid=5E276E14-ABFE-3B28-66D3F9E68B8C3D0B&ssid=026f584d-56f0-464b-b21b-4cb7e4c28867
product,44114,,2012,Kia,Sorento,LX,,,,uid=86ADD8A7-D290-FEEA-CB68A62ABA88D6E2&ssid=564b35fd-1a73-4950-987d-f658ae1695a6
product,44114,,2012,Dodge,Durango,Crew AWD,,,,uid=BDCBDAF2-F430-CD2F-FA1DF22C7954B8E4&ssid=483da9ea-ce49-449a-acbc-a180a26add8a
product,44114,,2012,BMW,328i,Convertible,Standard,,,uid=399811AC-D54E-0492-791BE37E10B2FEA6&ssid=6336a173-3a1e-4c1f-b185-23d2531a57a3
product,44114,,2013,Dodge,Challenger,R/T,Standard,,,uid=BDCBDAF2-F430-CD2F-FA1DF22C7954B8E4&ssid=57af2fac-de0d-41ea-9906-aa9035e37b99
product,44114,,2013,Dodge,Challenger,R/T,Standard,,,uid=61AE878B-F1C9-452C-9796C5DEC138D342&ssid=a9f49a9f-4500-45e2-8916-69d567f41441
product,44114,,2013,BMW,328i,Convertible,Standard,,,uid=399811AC-D54E-0492-791BE37E10B2FEA6&ssid=c18669b2-52d2-4748-b6c8-8c264ac72b83
product,44114,,2013,BMW,328i,Convertible,Standard,,,uid=399811AC-D54E-0492-791BE37E10B2FEA6&ssid=6dd6e083-95e9-4a6f-93fe-40d6349d4cd8
product,44114,,2012,BMW,640i,Convertible,"Option (19"")",,,uid=399811AC-D54E-0492-791BE37E10B2FEA6&ssid=73649eea-d362-4ac7-bfac-3165e2cc0a2b
product,44114,,2013,Dodge,Challenger,R/T,Standard,,,uid=BDCBDAF2-F430-CD2F-FA1DF22C7954B8E4&ssid=6ca89c4f-12d4-4bc3-83ed-e82d8ce41dd5
product,44114,,2012,BMW,328i,Convertible,M Sport Package,,,uid=399811AC-D54E-0492-791BE37E10B2FEA6&ssid=427250ba-c17e-4e9a-b855-0389462309dc
product,44114,,2003,BMW,525i,Sedan,Sport Package,,,uid=399811AC-D54E-0492-791BE37E10B2FEA6&ssid=b6fc80e7-7321-4b86-9373-8b6be9be1f62
product,44114,,2012,BMW,328i,Convertible,Standard,,,uid=399811AC-D54E-0492-791BE37E10B2FEA6&ssid=300d0793-8327-4284-9671-5bdb62b93a7d
product,44114,,2012,BMW,640i,Convertible,"M Sport Package (19"")",,,uid=399811AC-D54E-0492-791BE37E10B2FEA6&ssid=67198ca2-b509-4201-a71b-cd0194ea6350
product,44114,,2012,Audi,Q5,2.0T Premium,,,,uid=21BB6A0A-EDB7-1DA7-538EB1AFAEFA5D64&ssid=4b498fc6-9cd3-40f6-ac4e-7a3de2ba7b7c
product,44114,,2012,Kia,Sorento,LX,,,,uid=86ADD8A7-D290-FEEA-CB68A62ABA88D6E2&ssid=cb2d58bb-c9fd-48d8-bf06-62da4dbd4627
product,44114,,2012,Audi,Q5,2.0T Premium,,,,uid=21BB6A0A-EDB7-1DA7-538EB1AFAEFA5D64&ssid=e13d46d1-aa7e-411f-8714-2c4147fe0283
product,44114,,2012,Mercedes-Benz,G550,SUV,,,,uid=4D845891-A37B-2FF1-A9460F4F9972DA0F&ssid=5c9db988-2691-433a-9901-cab811b74942
product,44114,,2012,Dodge,Durango,Crew AWD,,,,uid=BDCBDAF2-F430-CD2F-FA1DF22C7954B8E4&ssid=5a8132d7-ff8b-4cc0-9f7b-0d5bc6157096
product,44114,,2012,Mercedes-Benz,G550,SUV,,,,uid=4D845891-A37B-2FF1-A9460F4F9972DA0F&ssid=99589b1c-b212-4b4d-96d6-0d4197c5843c
product,44114,,2012,Mercedes-Benz,G550,SUV,,,,uid=4D845891-A37B-2FF1-A9460F4F9972DA0F&ssid=6fe234f3-0b5f-4f5f-b41d-19e26491815a
product,44114,,2012,Kia,Sorento,LX,,,,uid=86ADD8A7-D290-FEEA-CB68A62ABA88D6E2&ssid=c165911d-babc-42d9-9c86-f3113ab40772
checkout,44114,,2012,Mercedes-Benz,G550,SUV,,4X4 Winter Contact,1,uid=4D845891-A37B-2FF1-A9460F4F9972DA0F&ssid=d2f232c5-2e11-4970-83e9-c7a900fc508e
checkout,44114,,2012,Audi,Q5,2.0T Premium,,AVID ENVigor,1,uid=21BB6A0A-EDB7-1DA7-538EB1AFAEFA5D64&ssid=5886216a-fd72-4471-866f-15df93a8c954
checkout,44114,,2013,Dodge,Challenger,R/T,Standard,AVID ENVigor,1,uid=BDCBDAF2-F430-CD2F-FA1DF22C7954B8E4&ssid=5cd2c801-82a7-4c8a-9972-c7d8452d12f0
checkout,44114,,2012,Dodge,Durango,Crew AWD,,Spectrum H/P,1,uid=BDCBDAF2-F430-CD2F-FA1DF22C7954B8E4&ssid=d5fdcb42-4360-4d2b-a528-57e3c0d02a95
checkout,44114,,2003,BMW,525i,Sedan,Sport Package,Pilot Alpin PA3,1,uid=399811AC-D54E-0492-791BE37E10B2FEA6&ssid=06759a22-415d-4299-844d-80d94266beb2
checkout,44114,,2012,Mercedes-Benz,G550,SUV,,4X4 Contact,1,uid=4D845891-A37B-2FF1-A9460F4F9972DA0F&ssid=76a87b4a-4822-4354-af5f-22f177b4a577
checkout,44114,,2012,Dodge,Challenger,R/T Plus,Standard,Spectrum H/P,1,uid=BDCBDAF2-F430-CD2F-FA1DF22C7954B8E4&ssid=686f324f-a880-476f-b515-c31bce19aa74
checkout,44114,,2012,Kia,Sorento,LX,,Eco Solus KL21,1,uid=86ADD8A7-D290-FEEA-CB68A62ABA88D6E2&ssid=0f84bedd-b93e-4691-89e1-60f7bf965ca0
checkout,44114,,2009,Kia,Spectra,EX,,Altimax Arctic,1,uid=86ADD8A7-D290-FEEA-CB68A62ABA88D6E2&ssid=47021a3e-5ded-47a8-84d0-4b6a719dbdee
checkout,44114,,2012,Mercedes-Benz,G550,SUV,,Blizzak DM-V1,1,uid=4D845891-A37B-2FF1-A9460F4F9972DA0F&ssid=f8e26812-dacb-429f-bcfc-1bec6537ce6f
checkout,44114,,2012,Kia,Sorento,LX,,Latitude Tour HP,1,uid=86ADD8A7-D290-FEEA-CB68A62ABA88D6E2&ssid=afd19f4b-ec59-4a51-9cfc-06d4c7aa9678
checkout,44114,,2012,Audi,Q5,2.0T Premium,,4X4 Winter Contact,1,uid=21BB6A0A-EDB7-1DA7-538EB1AFAEFA5D64&ssid=dde7c6b5-9c8b-4f6e-b864-5bdbd5cca800
checkout,44114,,2009,Kia,Spectra,LX,,Ultra Grip Winter,1,uid=86ADD8A7-D290-FEEA-CB68A62ABA88D6E2&ssid=d639d9aa-e242-46d0-b5f4-8d743ebbe2f7
checkout,44114,,2009,Kia,Spectra,EX,,Assurance Fuel Max,1,uid=86ADD8A7-D290-FEEA-CB68A62ABA88D6E2&ssid=15e78f78-db07-4de3-8376-03fb952c957d
checkout,44114,,2009,Kia,Spectra,EX,,AVID ENVigor,1,uid=86ADD8A7-D290-FEEA-CB68A62ABA88D6E2&ssid=3e5938bf-df2f-4a58-af9b-389bfa77e8cd
checkout,44114,,2012,Audi,Q5,2.0T Premium,,Grandtrek Touring A/S,1,uid=21BB6A0A-EDB7-1DA7-538EB1AFAEFA5D64&ssid=86a58a9a-87ce-4797-91cb-f28832c7691a
checkout,44114,,2012,Kia,Sorento,LX,,Eco Solus KL21,1,uid=86ADD8A7-D290-FEEA-CB68A62ABA88D6E2&ssid=70e607f2-46ad-4fa8-8234-21e7923fcbba
checkout,44114,,2012,Kia,Sorento,LX,,Latitude Tour HP,1,uid=86ADD8A7-D290-FEEA-CB68A62ABA88D6E2&ssid=40791530-f79f-466b-9487-aee9a1fbb349
checkout,44114,,2012,Dodge,Durango,Crew AWD,,LTX M/S2,1,uid=BDCBDAF2-F430-CD2F-FA1DF22C7954B8E4&ssid=ddfd1b9c-6372-47fc-b988-416892d106bf
checkout,44114,,2012,Dodge,Durango,Crew AWD,,LTX A/S,1,uid=BDCBDAF2-F430-CD2F-FA1DF22C7954B8E4&ssid=4ff326ce-3d36-45cc-b5bd-c4a79c3ee21a
checkout,44114,,2012,Mercedes-Benz,G550,SUV,,4X4 Winter Contact,1,uid=4D845891-A37B-2FF1-A9460F4F9972DA0F&ssid=b3b0a8c9-a399-4005-a15f-1cdd9bcc2476
checkout,44114,,2009,Kia,Spectra,LX,,Precision Sport,1,uid=86ADD8A7-D290-FEEA-CB68A62ABA88D6E2&ssid=112cceae-d030-416f-aecf-62f6d49dac3d
checkout,44114,,2009,Kia,Spectra,EX,,Primacy MXV4,1,uid=86ADD8A7-D290-FEEA-CB68A62ABA88D6E2&ssid=cf2c8b74-7cbc-4e11-bede-4f6b142b25b5
checkout,44114,,2012,Kia,Sorento,LX,,Latitude X-Ice XI2,1,uid=86ADD8A7-D290-FEEA-CB68A62ABA88D6E2&ssid=2051a389-eae5-4e99-ad90-13bd8c73e097
checkout,44114,,2009,Kia,Spectra,LX,,AltiMAX HP,1,uid=86ADD8A7-D290-FEEA-CB68A62ABA88D6E2&ssid=ff5df4a4-61ff-47af-807b-6c7e8128a8eb
checkout,44114,,2012,Mercedes-Benz,G550,SUV,,Geolandar H/T G038G,1,uid=4D845891-A37B-2FF1-A9460F4F9972DA0F&ssid=e0d77b58-5410-4e28-92f5-e0dc007e125c
checkout,44114,,2012,Dodge,Durango,Crew AWD,,Eco Solus KL21,1,uid=BDCBDAF2-F430-CD2F-FA1DF22C7954B8E4&ssid=c4ff355d-031d-4189-880a-9268d7ca2f33
checkout,44114,,2012,Kia,Sorento,LX,,ContiProContact,1,uid=86ADD8A7-D290-FEEA-CB68A62ABA88D6E2&ssid=001f8c4b-11c0-4e4f-8d27-5931e8410bc4
checkout,44114,,2012,Dodge,Durango,Crew AWD,,Geolandar A/T-S,1,uid=BDCBDAF2-F430-CD2F-FA1DF22C7954B8E4&ssid=f44c3c89-0049-42a5-a67e-38e5a997b2ed
checkout,44114,,2009,Kia,Spectra,LX,,Eagle RS-A,1,uid=86ADD8A7-D290-FEEA-CB68A62ABA88D6E2&ssid=2d5fd240-59d8-4620-8718-25180fe08c9a
checkout,44114,,2012,Kia,Sorento,LX,,Latitude X-Ice XI2,1,uid=86ADD8A7-D290-FEEA-CB68A62ABA88D6E2&ssid=d95ace3f-9d32-40f2-82a5-5b7ebdedbe09
checkout,44114,,2012,Kia,Sorento,LX,,CrossContact LX,1,uid=86ADD8A7-D290-FEEA-CB68A62ABA88D6E2&ssid=479fc8ba-e78a-4a2e-a7e9-31717231a657
checkout,44114,,2012,Audi,Q5,2.0T Premium,,CrossContact LX20,1,uid=21BB6A0A-EDB7-1DA7-538EB1AFAEFA5D64&ssid=c7c15e8f-a190-49eb-b448-9067db3a7590
checkout,44114,,2009,Kia,Spectra,LX,,Precision Sport,1,uid=86ADD8A7-D290-FEEA-CB68A62ABA88D6E2&ssid=c33da751-59ff-4ec7-821e-4a40992fdc0e
checkout,44114,,2012,Kia,Sorento,LX,,Eco Solus KL21,1,uid=86ADD8A7-D290-FEEA-CB68A62ABA88D6E2&ssid=4cf53cda-ea3e-4f52-8745-f2cb815bf479
checkout,44114,,2009,Kia,Spectra,LX,,Ultra Grip Winter,1,uid=86ADD8A7-D290-FEEA-CB68A62ABA88D6E2&ssid=10c61452-1ec7-4e31-b243-018b844caa6a
checkout,44114,,2012,Audi,Q5,2.0T Premium,,CrossContact LX Sport,1,uid=21BB6A0A-EDB7-1DA7-538EB1AFAEFA5D64&ssid=cfb0ae1b-b877-436e-9af3-6566431d4cab
checkout,44114,,2012,Dodge,Durango,Crew AWD,,Blizzak DM-V1,1,uid=BDCBDAF2-F430-CD2F-FA1DF22C7954B8E4&ssid=958414c7-7dbc-4134-80db-e0699a0567b7
checkout,44114,,2012,Kia,Sorento,LX,,CrossContact LX,1,uid=86ADD8A7-D290-FEEA-CB68A62ABA88D6E2&ssid=1b5be4e2-c8c8-4d18-90ed-e6db336e83bd
checkout,44114,,2012,Audi,Q5,2.0T Premium,,Latitude Tour HP,1,uid=21BB6A0A-EDB7-1DA7-538EB1AFAEFA5D64&ssid=1a7eadc3-40d8-4ddc-9f66-69f496147825
checkout,44114,,2012,Kia,Sorento,LX,,Solus KH16,1,uid=86ADD8A7-D290-FEEA-CB68A62ABA88D6E2&ssid=e59ae37a-4676-4d4b-8e9e-93e3bd1db54f
checkout,44114,,2012,Mercedes-Benz,G550,SUV,,4X4 Winter Contact,1,uid=4D845891-A37B-2FF1-A9460F4F9972DA0F&ssid=d826914a-f950-4f29-826a-6386d6413fa2
checkout,44114,,2012,Kia,Sorento,LX,,Solus KR21,1,uid=86ADD8A7-D290-FEEA-CB68A62ABA88D6E2&ssid=7d6df530-1865-4ffe-bb45-f84b0907e5ce
checkout,44114,,2009,Kia,Spectra,EX,,Assurance Fuel Max,1,uid=86ADD8A7-D290-FEEA-CB68A62ABA88D6E2&ssid=31b10440-1b0c-464e-aeea-f69960b08691
checkout,44114,,2012,Kia,Sorento,LX,,Eco Solus KL21,1,uid=86ADD8A7-D290-FEEA-CB68A62ABA88D6E2&ssid=54d70e84-6bb4-468c-8a28-d769441c6531
checkout,44114,,2012,Dodge,Durango,Crew AWD,,Blizzak DM-V1,1,uid=BDCBDAF2-F430-CD2F-FA1DF22C7954B8E4&ssid=4ee57e37-900d-4795-92ad-80fd3aff3649
checkout,44114,,2009,Kia,Spectra,EX,,CP641 A/S,1,uid=86ADD8A7-D290-FEEA-CB68A62ABA88D6E2&ssid=645e3a98-7883-4b19-8d70-841198ad99d0
checkout,44114,,2009,Kia,Spectra,LX,,SnowTrakker RD ST2,1,uid=86ADD8A7-D290-FEEA-CB68A62ABA88D6E2&ssid=084a7c6c-3bbb-4970-b72f-5fe4a08e14a7
checkout,44114,,2012,Audi,Q5,2.0T Premium,,CrossContact LX Sport,1,uid=21BB6A0A-EDB7-1DA7-538EB1AFAEFA5D64&ssid=891c6155-7468-4942-995e-e8a244c6ec6c
checkout,44114,,2012,Audi,Q5,2.0T Premium,,Grandtrek Touring A/S,1,uid=21BB6A0A-EDB7-1DA7-538EB1AFAEFA5D64&ssid=eefc8e60-7712-4e14-bddc-745c6e8f9427
checkout,44114,,2012,Kia,Sorento,LX,,CrossContact LX,1,uid=86ADD8A7-D290-FEEA-CB68A62ABA88D6E2&ssid=9857eed3-d655-42f9-b48a-7f94c9593610
checkout,44114,,2012,Audi,Q5,2.0T Premium,,4X4 Winter Contact,1,uid=21BB6A0A-EDB7-1DA7-538EB1AFAEFA5D64&ssid=0da8ae2f-f925-4023-8450-4958d9d03938
checkout,44114,,2012,Mercedes-Benz,G550,SUV,,Blizzak DM-V1,1,uid=4D845891-A37B-2FF1-A9460F4F9972DA0F&ssid=9dfdccc9-5a54-4d5b-a2fe-56f34840632f
checkout,44114,,2012,Kia,Sorento,LX,,Latitude X-Ice,1,uid=86ADD8A7-D290-FEEA-CB68A62ABA88D6E2&ssid=193fb22e-c910-433a-bfae-5fa3263bbac4
checkout,44114,,2012,Audi,Q5,2.0T Premium,,Scorpion Verde A/S Plus,1,uid=21BB6A0A-EDB7-1DA7-538EB1AFAEFA5D64&ssid=785ffe20-b569-4a20-9d90-3dace244d7b7
checkout,44114,,2012,Dodge,Durango,Crew AWD,,LTX M/S2,1,uid=BDCBDAF2-F430-CD2F-FA1DF22C7954B8E4&ssid=cb94ce4f-b5c3-490c-ab56-fa98cb23fb91
checkout,44114,,2012,Mercedes-Benz,G550,SUV,,Geolandar H/T G038G,1,uid=4D845891-A37B-2FF1-A9460F4F9972DA0F&ssid=1011c0be-fe2f-4752-a2a1-ec21c7518555
checkout,44114,,2012,Mercedes-Benz,G550,SUV,,4X4 Winter Contact,1,uid=4D845891-A37B-2FF1-A9460F4F9972DA0F&ssid=c2bfedb5-dd76-438a-8533-5aec90a42950
checkout,44114,,2012,Kia,Sorento,LX,,Spectrum H/P,1,uid=86ADD8A7-D290-FEEA-CB68A62ABA88D6E2&ssid=9a1dffae-af24-4c74-a484-bf9b27055591
checkout,44114,,2012,Kia,Sorento,LX,,4X4 Contact,1,uid=86ADD8A7-D290-FEEA-CB68A62ABA88D6E2&ssid=2968a947-fb0f-4662-89c2-02cdbc35a577
checkout,44114,,2012,Kia,Sorento,LX,,Altimax Arctic,1,uid=86ADD8A7-D290-FEEA-CB68A62ABA88D6E2&ssid=ab01946d-1bde-4795-a4ec-c9cdba6cdb4f
checkout,44114,,2012,Mercedes-Benz,G550,SUV,,Blizzak DM-V1,1,uid=4D845891-A37B-2FF1-A9460F4F9972DA0F&ssid=5e05f7e3-bc67-40dc-a5f5-9c61da660d8d
checkout,44114,,2012,Audi,Q5,2.0T Premium,,Latitude X-Ice XI2,1,uid=21BB6A0A-EDB7-1DA7-538EB1AFAEFA5D64&ssid=4e71e99b-cb9e-4e69-b4cb-677e8ba362bc
checkout,44114,,2012,Mercedes-Benz,G550,SUV,,Blizzak DM-V1,1,uid=4D845891-A37B-2FF1-A9460F4F9972DA0F&ssid=bddb8f04-6683-41dd-860e-6d7f7812fd97
checkout,44114,,2009,Kia,Spectra,LX,,Precision Sport,1,uid=86ADD8A7-D290-FEEA-CB68A62ABA88D6E2&ssid=3f64f8e3-69a1-4f2c-95a5-1d6e29056db6
checkout,44114,,2012,Audi,Q5,2.0T Premium,,Blizzak DM-V1,1,uid=21BB6A0A-EDB7-1DA7-538EB1AFAEFA5D64&ssid=9e22654b-e978-43fd-8eb1-fd72ce5438b7
checkout,44114,,2012,Mercedes-Benz,G550,SUV,,Blizzak DM-V1,1,uid=4D845891-A37B-2FF1-A9460F4F9972DA0F&ssid=7618e28d-b207-4787-9571-9c649d737bef
checkout,44114,,2009,Kia,Spectra,EX,,Ultra Grip Winter,1,uid=86ADD8A7-D290-FEEA-CB68A62ABA88D6E2&ssid=276c6ca9-99d4-4242-8830-5046c29ef20d
checkout,44114,,2012,Mercedes-Benz,G550,SUV,,Geolandar H/T G038G,1,uid=4D845891-A37B-2FF1-A9460F4F9972DA0F&ssid=7c8b70ba-39a2-436d-a0ff-61c71691b004
checkout,44114,,2012,Kia,Sorento,LX,,CrossContact LX20,1,uid=86ADD8A7-D290-FEEA-CB68A62ABA88D6E2&ssid=570f2290-53ef-4ffc-86b4-70a06750a13c
checkout,44114,,2009,Kia,Spectra,LX,,AVID Ascend,1,uid=86ADD8A7-D290-FEEA-CB68A62ABA88D6E2&ssid=830b9708-7f6b-4443-9f6c-2abca4e7114b
checkout,44114,,2012,Mercedes-Benz,G550,SUV,,Geolandar H/T G038G,1,uid=4D845891-A37B-2FF1-A9460F4F9972DA0F&ssid=3702f1d1-c9c4-4d72-9d7e-cdfe3534415e
checkout,44114,,2012,Kia,Sorento,LX,,Spectrum H/P,1,uid=86ADD8A7-D290-FEEA-CB68A62ABA88D6E2&ssid=bc3d325e-6752-419d-94c2-5ce2f80e5252
checkout,44114,,2012,Dodge,Durango,Crew AWD,,Ice Guard IG51v,1,uid=BDCBDAF2-F430-CD2F-FA1DF22C7954B8E4&ssid=9ef641cc-6a8c-40c9-b481-86c5acaa2a73
checkout,44114,,2012,Audi,Q5,2.0T Premium,,Scorpion Zero Asimmetrico,1,uid=21BB6A0A-EDB7-1DA7-538EB1AFAEFA5D64&ssid=a5f604df-d9ca-426b-8639-ac77882d4833
checkout,44114,,2009,Kia,Spectra,EX,,AVID ENVigor,1,uid=86ADD8A7-D290-FEEA-CB68A62ABA88D6E2&ssid=82bf2956-7a04-4f56-9a00-84a988334661
checkout,44114,,2012,Dodge,Durango,Crew AWD,,Latitude Tour,1,uid=BDCBDAF2-F430-CD2F-FA1DF22C7954B8E4&ssid=f61e07a1-dae9-4a90-8d27-6342f157075b
checkout,44114,,2012,Mercedes-Benz,G550,SUV,,4X4 Contact,1,uid=4D845891-A37B-2FF1-A9460F4F9972DA0F&ssid=11470988-7194-4d6d-9886-5ffa0f67256e
checkout,44114,,2012,Mercedes-Benz,G550,SUV,,4X4 Winter Contact,1,uid=4D845891-A37B-2FF1-A9460F4F9972DA0F&ssid=f0912233-8066-46d2-9290-d724f440dfc8
checkout,44114,,2012,Mercedes-Benz,G550,SUV,,4X4 Winter Contact,1,uid=4D845891-A37B-2FF1-A9460F4F9972DA0F&ssid=821b771c-af4b-4d32-a161-203f3074e520
checkout,44114,,2009,Kia,Spectra,LX,,Winterforce,1,uid=86ADD8A7-D290-FEEA-CB68A62ABA88D6E2&ssid=d1be2bcf-5105-4ef7-8446-b1e47c359886
checkout,44114,,2009,Kia,Spectra,LX,,Blizzak WS-70,1,uid=86ADD8A7-D290-FEEA-CB68A62ABA88D6E2&ssid=1ba5f73a-8996-417f-ba5f-c708018ac087
checkout,44114,,2012,Mercedes-Benz,G550,SUV,,Blizzak DM-V1,1,uid=4D845891-A37B-2FF1-A9460F4F9972DA0F&ssid=8f20e126-2d4f-4f80-bb95-7722ca2eaeda
checkout,44114,,2012,Dodge,Durango,Crew AWD,,Ice Guard IG51v,1,uid=BDCBDAF2-F430-CD2F-FA1DF22C7954B8E4&ssid=54e20773-5523-4e2e-bb50-47f04e2c08c4
checkout,44114,,2009,Kia,Spectra,LX,,CP641 A/S,1,uid=86ADD8A7-D290-FEEA-CB68A62ABA88D6E2&ssid=c4707b21-2086-414b-ae18-4b1e403654fa
checkout,44114,,2009,Kia,Spectra,EX,,CP641 A/S,1,uid=86ADD8A7-D290-FEEA-CB68A62ABA88D6E2&ssid=fe52d6e9-1d1c-4c03-95c2-c2d041b9c87c
checkout,44114,,2012,Kia,Sorento,LX,,ContiProContact,1,uid=86ADD8A7-D290-FEEA-CB68A62ABA88D6E2&ssid=1c2a2d31-a444-42d3-be3e-ce45386f31e7
checkout,44114,,2012,Kia,Sorento,LX,,Ice Guard IG51v,1,uid=86ADD8A7-D290-FEEA-CB68A62ABA88D6E2&ssid=b38b5b25-8509-418b-b490-9a3de3e7292e
checkout,44114,,2012,Audi,Q5,2.0T Premium,,4X4 Winter Contact,1,uid=21BB6A0A-EDB7-1DA7-538EB1AFAEFA5D64&ssid=5773b9f3-f2b4-409c-ae65-a9443c0f7b18
checkout,44114,,2009,Kia,Spectra,LX,,Graspic DS-3,1,uid=86ADD8A7-D290-FEEA-CB68A62ABA88D6E2&ssid=31392e24-2c83-44ee-8f56-28527fbc6979
checkout,44114,,2012,Dodge,Durango,Crew AWD,,Wrangler Silent Armor,1,uid=BDCBDAF2-F430-CD2F-FA1DF22C7954B8E4&ssid=55939d85-3794-4458-b6e3-affb7303979d
checkout,44114,,2009,Kia,Spectra,EX,,Ultra Grip Winter,1,uid=86ADD8A7-D290-FEEA-CB68A62ABA88D6E2&ssid=323f4457-6476-4375-b576-fc78f4cfd2ab
checkout,44114,,2009,Kia,Spectra,LX,,Primacy MXV4,1,uid=86ADD8A7-D290-FEEA-CB68A62ABA88D6E2&ssid=f26c1659-d839-4848-9767-6f412221b837
installer,44114,,2013,BMW,328i,Convertible,Standard,SP Sport 01 A,1,uid=399811AC-D54E-0492-791BE37E10B2FEA6&ssid=d14d212c-6782-4ec8-b8ea-e65ac60a2c4e
installer,44114,,2012,BMW,640i,Convertible,"M Sport Package (19"")",Primacy HP,1,uid=399811AC-D54E-0492-791BE37E10B2FEA6&ssid=1874f783-d735-43de-bf49-97bc9c768659
installer,44114,,2012,Mercedes-Benz,G550,SUV,,4X4 Contact,1,uid=4D845891-A37B-2FF1-A9460F4F9972DA0F&ssid=123cbaed-22f6-4295-bbd9-e231751d768b
installer,44114,,2012,Mercedes-Benz,G550,SUV,,4X4 Winter Contact,1,uid=4D845891-A37B-2FF1-A9460F4F9972DA0F&ssid=45cfb56b-3289-47a2-b305-d53681310550
installer,44114,,2013,Dodge,Challenger,R/T,Standard,Spectrum H/P,1,uid=BDCBDAF2-F430-CD2F-FA1DF22C7954B8E4&ssid=5c1e215a-10f0-43e0-a189-68c21fb0342d
installer,44114,,2013,Dodge,Challenger,R/T,Standard,Spectrum H/P,1,uid=BDCBDAF2-F430-CD2F-FA1DF22C7954B8E4&ssid=8a97a9ba-578d-481d-8a4f-093f32581510
installer,44114,,2007,BMW,525xi,Sedan,Sport Package,Eagle NCT5 ROF,1,uid=399811AC-D54E-0492-791BE37E10B2FEA6&ssid=497a29f6-4340-4c5c-89bb-43c5d63a790c
installer,44114,,2012,Dodge,Durango,Crew AWD,,Eco Solus KL21,1,uid=BDCBDAF2-F430-CD2F-FA1DF22C7954B8E4&ssid=73612e69-93a5-42a1-94cb-3d24ea1e8e91
installer,44114,,2012,Dodge,Challenger,R/T Plus,Standard,Pilot Sport A/S 3,1,uid=BDCBDAF2-F430-CD2F-FA1DF22C7954B8E4&ssid=3799a471-accd-4886-bed3-a470e99a4c72
installer,44114,,2003,BMW,525i,Sedan,Sport Package,ExtremeWinterContact,1,uid=399811AC-D54E-0492-791BE37E10B2FEA6&ssid=d6bb4395-ebeb-4186-8a33-4affb0772e80
installer,44114,,2012,Dodge,Durango,Crew AWD,,Latitude X-Ice XI2,1,uid=BDCBDAF2-F430-CD2F-FA1DF22C7954B8E4&ssid=9621888b-744a-4066-aecd-150ac72cb0b2
installer,44114,,2009,Kia,Spectra,LX,,Ecsta LX Platinum,1,uid=86ADD8A7-D290-FEEA-CB68A62ABA88D6E2&ssid=86036f6a-e69c-4919-8e3d-bfcc71e09ad2
installer,44114,,2012,Mercedes-Benz,G550,SUV,,Blizzak DM-V1,1,uid=4D845891-A37B-2FF1-A9460F4F9972DA0F&ssid=f3be675a-b294-4d2a-97d2-8b432dbd6a07
installer,44114,,2009,Kia,Spectra,EX,,Primacy MXV4,1,uid=86ADD8A7-D290-FEEA-CB68A62ABA88D6E2&ssid=800fa0cc-dca6-428f-97cd-b4ead4d8a8a9
installer,44114,,2012,BMW,328i,Convertible,M Sport Package,Potenza RE050A RFT,1,uid=399811AC-D54E-0492-791BE37E10B2FEA6&ssid=8787de7d-f4d0-4a83-bffa-8b267c255f8c
installer,44114,,2012,Mercedes-Benz,G550,SUV,,4X4 Contact,1,uid=4D845891-A37B-2FF1-A9460F4F9972DA0F&ssid=9d432439-2760-45d9-ac64-18f1893cea7c
installer,44114,,2012,BMW,328i,Convertible,Standard,Cinturato P7,1,uid=399811AC-D54E-0492-791BE37E10B2FEA6&ssid=4928205f-c75f-417e-bab8-7738fddc7353
installer,44114,,2012,BMW,640i,Convertible,Option (19"),Primacy HP,1,uid=399811AC-D54E-0492-791BE37E10B2FEA6&ssid=c4ae8472-c34d-4273-9438-1e4c33d896ef
installer,44114,,2012,BMW,328i,Sedan Base,Standard,Turanza EL400 02 RFT,1,uid=399811AC-D54E-0492-791BE37E10B2FEA6&ssid=7ea5781c-8187-430a-989b-1da535cb7c63
installer,44114,,2012,Audi,Q5,2.0T Premium,,Grabber UHP,1,uid=21BB6A0A-EDB7-1DA7-538EB1AFAEFA5D64&ssid=663356c0-8ce9-498d-8924-b6acacd52b4a
product,44114,,2012,Audi,Q5,2.0T Premium,,,,uid=21BB6A0A-EDB7-1DA7-538EB1AFAEFA5D64&ssid=13a3438f-6a2e-4c02-a01a-4bb90bc1b182
product,44114,,2012,Kia,Sorento,LX,,,,uid=86ADD8A7-D290-FEEA-CB68A62ABA88D6E2&ssid=6407d957-c2d5-4dd3-8841-cd12ec5cb419
product,44114,,2012,Mercedes-Benz,G550,SUV,,,,uid=4D845891-A37B-2FF1-A9460F4F9972DA0F&ssid=649772cd-b989-4b83-8049-28efb8c6543d
product,44114,,2009,Kia,Spectra,LX,,,,uid=86ADD8A7-D290-FEEA-CB68A62ABA88D6E2&ssid=c170ecc6-c394-4b5c-b58c-656a35859fc0
product,44114,,2012,Kia,Sorento,LX,,,,uid=86ADD8A7-D290-FEEA-CB68A62ABA88D6E2&ssid=b055d428-7091-4f6d-8ec6-6aace9be187e
product,44114,,2012,Kia,Sorento,LX,,,,uid=86ADD8A7-D290-FEEA-CB68A62ABA88D6E2&ssid=447d533b-1bb2-4e78-a8f6-032a8afae196
product,44114,,2012,Mercedes-Benz,G550,SUV,,,,uid=4D845891-A37B-2FF1-A9460F4F9972DA0F&ssid=8009f841-3f01-4075-8dc2-60f259105f47
product,44114,,2009,Kia,Spectra,LX,,,,uid=86ADD8A7-D290-FEEA-CB68A62ABA88D6E2&ssid=a91ddc64-1fde-447a-84ca-e26101719045
product,44114,,2009,Kia,Spectra,EX,,,,uid=86ADD8A7-D290-FEEA-CB68A62ABA88D6E2&ssid=4252667e-66e6-4791-8c0f-8121f4f4618f
product,44114,,2012,Audi,Q5,2.0T Premium,,,,uid=21BB6A0A-EDB7-1DA7-538EB1AFAEFA5D64&ssid=fabdbcd7-65ff-40fa-aa0f-b30957644400
product,44114,,2012,Kia,Sorento,LX,,,,uid=86ADD8A7-D290-FEEA-CB68A62ABA88D6E2&ssid=ea01929a-ff27-45ea-81ee-9bf5fa51fdd9
product,44114,,2012,Audi,Q5,2.0T Premium,,,,uid=21BB6A0A-EDB7-1DA7-538EB1AFAEFA5D64&ssid=74def984-0d5e-4d24-b222-3b63b3978024
product,44114,,2012,Dodge,Durango,Crew AWD,,,,uid=BDCBDAF2-F430-CD2F-FA1DF22C7954B8E4&ssid=99b3c6ef-7cb3-445a-9b47-b27419867cd5
product,44114,,2012,Audi,Q5,2.0T Premium,,,,uid=21BB6A0A-EDB7-1DA7-538EB1AFAEFA5D64&ssid=569bf21e-8851-4239-a57d-9b24b1ba6637
product,44114,,2012,Mercedes-Benz,G550,SUV,,,,uid=4D845891-A37B-2FF1-A9460F4F9972DA0F&ssid=7cfaffc5-c457-46a8-9607-1c5cb9a8fbae
product,44114,,2012,Dodge,Durango,Crew AWD,,,,uid=BDCBDAF2-F430-CD2F-FA1DF22C7954B8E4&ssid=a8a47462-e75a-4767-aa27-2f2517abf40c
product,44114,,2012,Dodge,Durango,Crew AWD,,,,uid=BDCBDAF2-F430-CD2F-FA1DF22C7954B8E4&ssid=60c4b373-7427-439a-96d3-3ab1c7d3fcfe
product,44114,,2009,Kia,Spectra,EX,,,,uid=86ADD8A7-D290-FEEA-CB68A62ABA88D6E2&ssid=e34684d5-e72f-4c82-a8ac-73104cd7c0b1
product,44114,,2012,Dodge,Durango,Crew AWD,,,,uid=BDCBDAF2-F430-CD2F-FA1DF22C7954B8E4&ssid=b483f2d8-eb35-46b7-888b-f9ca90ec0075
product,44114,,2012,Kia,Sorento,LX,,,,uid=86ADD8A7-D290-FEEA-CB68A62ABA88D6E2&ssid=46c096d6-11c7-4ff0-83e4-e4c7958c699e
product,44114,,2009,Kia,Spectra,EX,,,,uid=86ADD8A7-D290-FEEA-CB68A62ABA88D6E2&ssid=e9989177-17cd-410c-80a3-774ccdb13330
product,44114,,2012,Audi,Q5,2.0T Premium,,,,uid=21BB6A0A-EDB7-1DA7-538EB1AFAEFA5D64&ssid=858f67df-3fd1-470d-962c-3926bf977ed8
product,44114,,2012,Mercedes-Benz,G550,SUV,,,,uid=4D845891-A37B-2FF1-A9460F4F9972DA0F&ssid=30ed70b2-844c-4500-a03d-19c01eaee107
product,44114,,2012,Kia,Sorento,LX,,,,uid=86ADD8A7-D290-FEEA-CB68A62ABA88D6E2&ssid=01ca0fbd-2677-44e2-8047-699cefa9e31f
product,44114,,2009,Kia,Spectra,EX,,,,uid=86ADD8A7-D290-FEEA-CB68A62ABA88D6E2&ssid=a754c363-b9c5-48bf-ad1b-424cf43f1924
product,44114,,2012,Dodge,Durango,Crew AWD,,,,uid=BDCBDAF2-F430-CD2F-FA1DF22C7954B8E4&ssid=efaa2b5f-3d26-4e42-bc69-aa0a89b2c584
product,44114,,2009,Kia,Spectra,EX,,,,uid=86ADD8A7-D290-FEEA-CB68A62ABA88D6E2&ssid=a919d6fb-3482-4292-841b-1f9d945f636a
product,44114,,2012,Dodge,Durango,Crew AWD,,,,uid=BDCBDAF2-F430-CD2F-FA1DF22C7954B8E4&ssid=a9e1239d-e2e6-4996-b58a-8d1723460f83
product,44114,,2012,Mercedes-Benz,G550,SUV,,,,uid=4D845891-A37B-2FF1-A9460F4F9972DA0F&ssid=78beb32e-6998-4820-b930-baba782f6104
product,44114,,2012,Dodge,Durango,Crew AWD,,,,uid=BDCBDAF2-F430-CD2F-FA1DF22C7954B8E4&ssid=1130d3f3-b2dd-4742-92cf-9e78e605c513
product,44114,,2012,Kia,Sorento,LX,,,,uid=86ADD8A7-D290-FEEA-CB68A62ABA88D6E2&ssid=b28ef106-d33d-41ba-927e-d90ba0afbcf9
product,44114,,2012,Dodge,Durango,Crew AWD,,,,uid=BDCBDAF2-F430-CD2F-FA1DF22C7954B8E4&ssid=2df2787c-a54a-4492-adf9-99a352ea212d
product,44114,,2012,Kia,Sorento,LX,,,,uid=86ADD8A7-D290-FEEA-CB68A62ABA88D6E2&ssid=9e0967c5-e510-430b-8b12-eceae73cac9b
product,44114,,2009,Kia,Spectra,LX,,,,uid=86ADD8A7-D290-FEEA-CB68A62ABA88D6E2&ssid=5a27079b-b966-47fb-b1b7-0fd7784180f5
checkout,44114,,2012,Dodge,Durango,Crew AWD,,Grandtrek SJ6,1,uid=BDCBDAF2-F430-CD2F-FA1DF22C7954B8E4&ssid=20cd6e42-18c7-47be-945a-968bcac09535
checkout,44114,,2009,Kia,Spectra,LX,,Ice Guard IG52C,1,uid=86ADD8A7-D290-FEEA-CB68A62ABA88D6E2&ssid=3060adf2-cc53-472d-9c97-7c39d522e6a0
checkout,44114,,2012,Audi,Q5,2.0T Premium,,Eagle Sport All-Season,1,uid=21BB6A0A-EDB7-1DA7-538EB1AFAEFA5D64&ssid=6f687cb1-fafa-46e9-af66-868fdebd6ab7
checkout,44114,,2012,Kia,Sorento,LX,,Scorpion Ice & Snow,1,uid=86ADD8A7-D290-FEEA-CB68A62ABA88D6E2&ssid=0a6d8a4f-dcef-472c-8e23-74fd546a9073
installer,44114,,2009,Kia,Spectra,LX,,Precision Sport,1,uid=86ADD8A7-D290-FEEA-CB68A62ABA88D6E2&ssid=489aeb22-b99a-43c5-af46-648482af7898
installer,44114,,2009,Kia,Spectra,LX,,Precision Sport,1,uid=86ADD8A7-D290-FEEA-CB68A62ABA88D6E2&ssid=c5414fd9-d0eb-41a3-9f2c-ff3caf462ea7
installer,44114,,2009,Kia,Spectra,LX,,Altimax Arctic,1,uid=86ADD8A7-D290-FEEA-CB68A62ABA88D6E2&ssid=ff899ce2-689b-4fb0-a33f-b80398ecba2f
installer,44114,,2012,Dodge,Durango,Crew AWD,,Assurance CS Fuel Max,1,uid=BDCBDAF2-F430-CD2F-FA1DF22C7954B8E4&ssid=7ed64458-6764-4066-aee8-5c5caa7a3735
installer,44114,,2012,Audi,Q5,2.0T Premium,,CrossContact LX Sport,1,uid=21BB6A0A-EDB7-1DA7-538EB1AFAEFA5D64&ssid=5cae17a4-a8b2-43fa-bb0f-871ff61e6532
installer,44114,,2009,Kia,Spectra,LX,,SnowTrakker RD ST2,1,uid=86ADD8A7-D290-FEEA-CB68A62ABA88D6E2&ssid=d64e3379-74ee-48a2-adb5-67f0f10a02ae
installer,44114,,2012,Kia,Sorento,LX,,Scorpion Ice & Snow,1,uid=86ADD8A7-D290-FEEA-CB68A62ABA88D6E2&ssid=a2f7779b-c093-44fd-ad7e-f78f19420d91
product,44114,,2012,Mercedes-Benz,G550,SUV,,,,uid=4D845891-A37B-2FF1-A9460F4F9972DA0F&ssid=4db335dd-845c-4660-ab06-49dac5aa393d
product,44114,,2009,Kia,Spectra,LX,,,,uid=86ADD8A7-D290-FEEA-CB68A62ABA88D6E2&ssid=8292f6a7-c32a-4444-ae10-1e2529ebaab2
product,44114,,2012,Dodge,Durango,Crew AWD,,,,uid=BDCBDAF2-F430-CD2F-FA1DF22C7954B8E4&ssid=b1c41675-7853-4ef2-b1b6-8508a0c49bbc
product,44114,,2012,Dodge,Durango,Crew AWD,,,,uid=BDCBDAF2-F430-CD2F-FA1DF22C7954B8E4&ssid=1b0606a3-d14b-4e6f-ba58-5d94a9524a24
product,44114,,2009,Kia,Spectra,EX,,,,uid=86ADD8A7-D290-FEEA-CB68A62ABA88D6E2&ssid=ba2a1794-6bef-447c-b029-ac509d812360
product,44114,,2012,Dodge,Durango,Crew AWD,,,,uid=BDCBDAF2-F430-CD2F-FA1DF22C7954B8E4&ssid=02c63929-f119-4b53-b713-2421766de334
product,44114,,2012,Mercedes-Benz,G550,SUV,,,,uid=4D845891-A37B-2FF1-A9460F4F9972DA0F&ssid=c4a2ffc8-f06a-40a9-9434-79b1bad74bac
product,44114,,2012,Audi,Q5,2.0T Premium,,,,uid=21BB6A0A-EDB7-1DA7-538EB1AFAEFA5D64&ssid=c8b9a048-675b-4c3e-b4c3-a429685e1c11
product,44114,,2009,Kia,Spectra,LX,,,,uid=86ADD8A7-D290-FEEA-CB68A62ABA88D6E2&ssid=3b2978b0-cc19-4853-b4b0-5c622058f5a7
product,44114,,2009,Kia,Spectra,EX,,,,uid=86ADD8A7-D290-FEEA-CB68A62ABA88D6E2&ssid=93474b12-cc87-4d7d-b432-cda706797cd4
product,44114,,2012,Dodge,Durango,Crew AWD,,,,uid=BDCBDAF2-F430-CD2F-FA1DF22C7954B8E4&ssid=514b295e-656f-478c-9bd6-7aacb980f05d
product,44114,,2009,Kia,Spectra,EX,,,,uid=86ADD8A7-D290-FEEA-CB68A62ABA88D6E2&ssid=28669f90-52d8-4f4d-826a-169b59a472ee
product,44114,,2009,Kia,Spectra,EX,,,,uid=86ADD8A7-D290-FEEA-CB68A62ABA88D6E2&ssid=9fbd1b40-0125-4548-b7e9-cabf14d07171
product,44114,,2009,Kia,Spectra,LX,,,,uid=86ADD8A7-D290-FEEA-CB68A62ABA88D6E2&ssid=27d8c9a0-b668-4ced-99ac-5fe9735dcdd2
product,44114,,2009,Kia,Spectra,LX,,,,uid=86ADD8A7-D290-FEEA-CB68A62ABA88D6E2&ssid=4335a29b-1fed-481c-8141-b0b5a9ce7f0c
product,44114,,2009,Kia,Spectra,EX,,,,uid=86ADD8A7-D290-FEEA-CB68A62ABA88D6E2&ssid=48e4c936-1a92-42c4-b4c5-071fbcd038df
product,44114,,2012,Mercedes-Benz,G550,SUV,,,,uid=4D845891-A37B-2FF1-A9460F4F9972DA0F&ssid=a3e4e438-5214-4588-848a-db907bc5d287
product,44114,,2012,Audi,Q5,2.0T Premium,,,,uid=21BB6A0A-EDB7-1DA7-538EB1AFAEFA5D64&ssid=9417d50a-1196-4d42-9210-1e93fe3ccbca
product,44114,,2012,Audi,Q5,2.0T Premium,,,,uid=21BB6A0A-EDB7-1DA7-538EB1AFAEFA5D64&ssid=fcef49c5-c5ce-401f-819c-46c8e38af997
product,44114,,2009,Kia,Spectra,LX,,,,uid=86ADD8A7-D290-FEEA-CB68A62ABA88D6E2&ssid=9b5d9c26-7e9b-443b-8871-e72814924b0f
product,44114,,2012,Mercedes-Benz,G550,SUV,,,,uid=4D845891-A37B-2FF1-A9460F4F9972DA0F&ssid=727459c1-fcee-4350-b6dc-3dd9b391ba0f
product,44114,,2012,Dodge,Durango,Crew AWD,,,,uid=BDCBDAF2-F430-CD2F-FA1DF22C7954B8E4&ssid=1d8c8c8b-b07c-4d0f-88d3-8820ed724493
product,44114,,2009,Kia,Spectra,EX,,,,uid=86ADD8A7-D290-FEEA-CB68A62ABA88D6E2&ssid=97b10369-5b93-4731-bee0-6139ecb1bd74
product,44114,,2012,Audi,Q5,2.0T Premium,,,,uid=21BB6A0A-EDB7-1DA7-538EB1AFAEFA5D64&ssid=adc135df-e51a-475e-8afc-6c0e4c270170
product,44114,,2012,Dodge,Durango,Crew AWD,,,,uid=BDCBDAF2-F430-CD2F-FA1DF22C7954B8E4&ssid=489d7d7d-7f3d-4b87-95e9-6eba6985e20f
product,44114,,2012,Dodge,Durango,Crew AWD,,,,uid=BDCBDAF2-F430-CD2F-FA1DF22C7954B8E4&ssid=88dee0ac-155e-450e-8f89-4dfedc91ff64
product,44114,,2012,Audi,Q5,2.0T Premium,,,,uid=21BB6A0A-EDB7-1DA7-538EB1AFAEFA5D64&ssid=7ea1bd90-470c-4337-a2a2-5fe9c4e26a97
product,44114,,2012,Mercedes-Benz,G550,SUV,,,,uid=4D845891-A37B-2FF1-A9460F4F9972DA0F&ssid=e609fee8-e272-4071-af43-95789ea759f6
product,44114,,2009,Kia,Spectra,EX,,,,uid=86ADD8A7-D290-FEEA-CB68A62ABA88D6E2&ssid=e053371d-9ab6-409b-a41f-4d0af46c3915
product,44114,,2009,Kia,Spectra,LX,,,,uid=86ADD8A7-D290-FEEA-CB68A62ABA88D6E2&ssid=c11c1b59-fc14-4f02-9e58-7ac02ea7a9e2
product,44114,,2012,Audi,Q5,2.0T Premium,,,,uid=21BB6A0A-EDB7-1DA7-538EB1AFAEFA5D64&ssid=b73a1315-c089-41f6-b577-5b697506f363
product,44114,,2012,Mercedes-Benz,G550,SUV,,,,uid=4D845891-A37B-2FF1-A9460F4F9972DA0F&ssid=802bf140-4032-4cfe-968f-2ddac9403f89
product,44114,,2012,Mercedes-Benz,G550,SUV,,,,uid=4D845891-A37B-2FF1-A9460F4F9972DA0F&ssid=15094f66-9621-4180-8a2f-e5086c22b18a
product,44114,,2012,Kia,Sorento,LX,,,,uid=86ADD8A7-D290-FEEA-CB68A62ABA88D6E2&ssid=59d1c4d3-1d83-4f2b-84c3-9745d9aee1db
product,44114,,2009,Kia,Spectra,EX,,,,uid=86ADD8A7-D290-FEEA-CB68A62ABA88D6E2&ssid=fc9c4909-53eb-469a-9662-9a7e6f10f6d3
product,44114,,2012,Mercedes-Benz,G550,SUV,,,,uid=4D845891-A37B-2FF1-A9460F4F9972DA0F&ssid=90414163-6e5b-464b-9ea0-e9b3265d8cc5
product,44114,,2012,Dodge,Durango,Crew AWD,,,,uid=BDCBDAF2-F430-CD2F-FA1DF22C7954B8E4&ssid=8a47d347-3057-49d2-bda5-acaf3695cd68
product,44114,,2009,Kia,Spectra,EX,,,,uid=86ADD8A7-D290-FEEA-CB68A62ABA88D6E2&ssid=25d14aba-5150-4c66-b84c-62e716561275
product,44114,,2012,Kia,Sorento,LX,,,,uid=86ADD8A7-D290-FEEA-CB68A62ABA88D6E2&ssid=4ee3e314-fbb6-4dd4-be74-3e6f86259e78
product,44114,,2012,Dodge,Durango,Crew AWD,,,,uid=BDCBDAF2-F430-CD2F-FA1DF22C7954B8E4&ssid=b74fca08-e5af-4de9-8e4a-6cdc93d75fd7
product,44114,,2009,Kia,Spectra,EX,,,,uid=86ADD8A7-D290-FEEA-CB68A62ABA88D6E2&ssid=84ea3696-6a5e-46c1-ba69-715f3ba1af1f
product,44321,,2012,Kia,Sorento,LX,,,,uid=EBE348C5-F4A8-28FF-FCA730B8A0781699&ssid=41955e92-9945-43a8-b218-2192004162f8
product,44321,,2012,Audi,Q5,2.0T Premium,,,,uid=3C7C80D1-EBD3-8EE0-97924D011FF9B062&ssid=c456ff37-2656-4234-aa28-14ff30289a36
product,44321,,2012,Dodge,Durango,Crew AWD,,,,uid=61AE878B-F1C9-452C-9796C5DEC138D342&ssid=dafcaf28-f879-4da7-a73a-0137636f845a
product,44321,,2009,Kia,Spectra,EX,,,,uid=EBE348C5-F4A8-28FF-FCA730B8A0781699&ssid=dc4d5140-e8a7-4faa-a04b-020ed6f8b469
verify,44321,,2012,Dodge,Durango,Crew AWD,,,,uid=61AE878B-F1C9-452C-9796C5DEC138D342&ssid=4a5a0495-3a32-4267-838b-82853e4d9f45
verify,44321,,2009,Kia,Spectra,LX,,,,uid=EBE348C5-F4A8-28FF-FCA730B8A0781699&ssid=50c5f0fb-d9c2-4554-9b9c-14b2cf16d709
verify,44321,,2009,Kia,Spectra,LX,,,,uid=EBE348C5-F4A8-28FF-FCA730B8A0781699&ssid=6127341c-8a67-4c07-af13-bcddaf12e4db
verify,44321,,2009,Kia,Spectra,LX,,,,uid=EBE348C5-F4A8-28FF-FCA730B8A0781699&ssid=4179715a-172f-4892-af24-bc6e0752f652
verify,44321,,2009,Kia,Spectra,LX,,,,uid=EBE348C5-F4A8-28FF-FCA730B8A0781699&ssid=3da09279-d1b0-4aa3-90fc-b5ffba653436
verify,44321,,2012,Dodge,Durango,Crew AWD,,,,uid=61AE878B-F1C9-452C-9796C5DEC138D342&ssid=81c0d1e6-ac45-43f9-a880-9e7d58d449ce
verify,44321,,2012,Dodge,Durango,Crew AWD,,,,uid=61AE878B-F1C9-452C-9796C5DEC138D342&ssid=db75c956-bd08-4ecd-b91b-4b180ccd5231
verify,44321,,2012,Dodge,Durango,Crew AWD,,,,uid=61AE878B-F1C9-452C-9796C5DEC138D342&ssid=4179715a-172f-4892-af24-bc6e0752f652
verify,44321,,2012,Dodge,Durango,Crew AWD,,,,uid=61AE878B-F1C9-452C-9796C5DEC138D342&ssid=3da09279-d1b0-4aa3-90fc-b5ffba653436
verify,44321,,2009,Kia,Spectra,EX,,,,uid=EBE348C5-F4A8-28FF-FCA730B8A0781699&ssid=b1d22c0f-3760-44db-9881-6dec059a1b67
tirecoach,44321,,2012,BMW,328i,Sedan Base,Standard,,,uid=A95FC3D1-075F-4294-35C6821E6327F7FF&ssid=b343bcd1-b1cd-445b-a8de-d369c298e7dc
verify,44321,,2012,Mercedes-Benz,G550,SUV,,,,uid=5E276E14-ABFE-3B28-66D3F9E68B8C3D0B&ssid=85a6da4d-9bd1-4f34-b16d-6297159642ac
tirecoach,44321,,2003,BMW,525i,Sedan,Sport Package,,,uid=A95FC3D1-075F-4294-35C6821E6327F7FF&ssid=7a4c10ad-bcae-402d-a96a-40594c32cf81
tirecoach,44321,,2012,BMW,640i,Convertible,M Sport Package (19"),,,uid=A95FC3D1-075F-4294-35C6821E6327F7FF&ssid=fea702a8-462d-4ac6-8da9-3e44fc1c944d
tirecoach,44321,,2012,Dodge,Durango,Crew AWD,,,,uid=61AE878B-F1C9-452C-9796C5DEC138D342&ssid=4033d08e-6fc9-44c3-80d6-8d4365cd4f7c
install,44321,,2012,BMW,328i,Convertible,Standard,Eagle NCT5 A ROF,2,uid=A95FC3D1-075F-4294-35C6821E6327F7FF&ssid=cbc9e2f1-6fd7-4dfc-8430-a670108e9c85
install,44321,,2012,Dodge,Challenger,R/T Plus,Standard,AVID ENVigor,2,uid=61AE878B-F1C9-452C-9796C5DEC138D342&ssid=d6b82be6-179b-4e0b-9002-881f00b662f6
install,44321,,2003,BMW,525i,Sedan,Sport Package,Pilot Super Sport,2,uid=A95FC3D1-075F-4294-35C6821E6327F7FF&ssid=a20b2acc-f28f-4caf-8cc4-8c951d2b752c
install,44321,,2012,BMW,640i,Convertible,Option (19"),SP Sport Maxx GT,2,uid=A95FC3D1-075F-4294-35C6821E6327F7FF&ssid=422d8c39-e2ea-47ee-936e-3db679b6d90d
checkout,44114,,2012,Kia,Sorento,LX,,Latitude Tour HP,1,uid=86ADD8A7-D290-FEEA-CB68A62ABA88D6E2&ssid=da349437-425e-4a14-959c-e41b03b8c802
checkout,44114,,2012,Kia,Sorento,LX,,4X4 Contact,1,uid=86ADD8A7-D290-FEEA-CB68A62ABA88D6E2&ssid=a7b8a912-9988-44c3-a406-fe46b9492d57
product,44114,,2012,Kia,Sorento,LX,,,,uid=86ADD8A7-D290-FEEA-CB68A62ABA88D6E2&ssid=8be79d5c-1486-4d51-8ab8-0f32efae4632
product,44114,,2012,Kia,Sorento,LX,,,,uid=86ADD8A7-D290-FEEA-CB68A62ABA88D6E2&ssid=c2f1c58f-441a-4b7a-af57-e2eeea2858a9
product,44114,,2012,Dodge,Durango,Crew AWD,,,,uid=BDCBDAF2-F430-CD2F-FA1DF22C7954B8E4&ssid=bf30bf89-ef20-4e91-a28c-6f52852950b6
product,44114,,2012,Dodge,Durango,Crew AWD,,,,uid=BDCBDAF2-F430-CD2F-FA1DF22C7954B8E4&ssid=551834df-7b31-4a4d-8352-b655691c189a
product,44114,,2009,Kia,Spectra,LX,,,,uid=86ADD8A7-D290-FEEA-CB68A62ABA88D6E2&ssid=cbb24cca-c6ab-4b49-ad1e-fe51c607e197
product,44114,,2012,Mercedes-Benz,G550,SUV,,,,uid=4D845891-A37B-2FF1-A9460F4F9972DA0F&ssid=22406e35-4b90-4e6a-969d-a7242c0924ef
product,44114,,2012,Dodge,Durango,Crew AWD,,,,uid=BDCBDAF2-F430-CD2F-FA1DF22C7954B8E4&ssid=a242b7db-32e8-49c8-8124-dc576db619ed
product,44114,,2012,Mercedes-Benz,G550,SUV,,,,uid=4D845891-A37B-2FF1-A9460F4F9972DA0F&ssid=a863eab9-55ec-48e4-917a-6bb1ae9dcb41
product,44114,,2009,Kia,Spectra,EX,,,,uid=86ADD8A7-D290-FEEA-CB68A62ABA88D6E2&ssid=8813bf94-d4f1-4acc-af8e-73e67566dfef
product,44114,,2012,Mercedes-Benz,G550,SUV,,,,uid=4D845891-A37B-2FF1-A9460F4F9972DA0F&ssid=481b088c-aa0a-4581-a31b-7658df366ebe
product,44114,,2012,Audi,Q5,2.0T Premium,,,,uid=21BB6A0A-EDB7-1DA7-538EB1AFAEFA5D64&ssid=67278d7f-1bec-4dc5-af07-e51fa544254f
product,44114,,2009,Kia,Spectra,LX,,,,uid=86ADD8A7-D290-FEEA-CB68A62ABA88D6E2&ssid=d110825a-b60e-4a46-8518-13d6801053a4
product,44114,,2009,Kia,Spectra,EX,,,,uid=86ADD8A7-D290-FEEA-CB68A62ABA88D6E2&ssid=9ce3ea07-d5c1-4269-a404-b10c360e347e
product,44114,,2012,Kia,Sorento,LX,,,,uid=86ADD8A7-D290-FEEA-CB68A62ABA88D6E2&ssid=7cf7d3a8-e38f-42c0-a0bc-d257d77dea10
product,44114,,2012,Kia,Sorento,LX,,,,uid=86ADD8A7-D290-FEEA-CB68A62ABA88D6E2&ssid=752f4217-5c71-461f-a545-e5d44bf69cb0
product,44114,,2012,Mercedes-Benz,G550,SUV,,,,uid=4D845891-A37B-2FF1-A9460F4F9972DA0F&ssid=1441e4f8-6773-4a25-9782-f276d1ed63c0
product,44114,,2012,Mercedes-Benz,G550,SUV,,,,uid=4D845891-A37B-2FF1-A9460F4F9972DA0F&ssid=49431147-9923-4f9f-b185-eedb043cddc2
product,44114,,2012,Audi,Q5,2.0T Premium,,,,uid=21BB6A0A-EDB7-1DA7-538EB1AFAEFA5D64&ssid=5424a7b2-daca-45fd-85f4-80f73d9507c8
product,44114,,2012,Dodge,Durango,Crew AWD,,,,uid=BDCBDAF2-F430-CD2F-FA1DF22C7954B8E4&ssid=d2f09051-d906-453b-a73c-3de221ec87c8
product,44114,,2012,Dodge,Durango,Crew AWD,,,,uid=BDCBDAF2-F430-CD2F-FA1DF22C7954B8E4&ssid=f0d20752-3026-4266-9afb-7fe7bbc315b8
product,44114,,2012,Dodge,Durango,Crew AWD,,,,uid=BDCBDAF2-F430-CD2F-FA1DF22C7954B8E4&ssid=6cb0c021-c75f-49ba-80d1-254c729e728e
product,44114,,2009,Kia,Spectra,EX,,,,uid=86ADD8A7-D290-FEEA-CB68A62ABA88D6E2&ssid=55b6515b-f973-45ca-9e8d-c98774f81c36
product,44114,,2009,Kia,Spectra,LX,,,,uid=86ADD8A7-D290-FEEA-CB68A62ABA88D6E2&ssid=10c2be8a-b050-4257-9f6a-54098a3d5c24
product,44114,,2012,Mercedes-Benz,G550,SUV,,,,uid=4D845891-A37B-2FF1-A9460F4F9972DA0F&ssid=0bbdddad-250a-4aad-91df-a8e2c7aa789c
product,44114,,2009,Kia,Spectra,EX,,,,uid=86ADD8A7-D290-FEEA-CB68A62ABA88D6E2&ssid=a0aabd91-9b77-4e24-b1eb-e75f8b9261e9
product,44114,,2012,Kia,Sorento,LX,,,,uid=86ADD8A7-D290-FEEA-CB68A62ABA88D6E2&ssid=7d091e00-b368-4eb2-b841-e4c72f73dbd8
product,44114,,2012,Mercedes-Benz,G550,SUV,,,,uid=4D845891-A37B-2FF1-A9460F4F9972DA0F&ssid=a8cb4903-0989-42f3-909b-28129c963ee5
product,44114,,2012,Audi,Q5,2.0T Premium,,,,uid=21BB6A0A-EDB7-1DA7-538EB1AFAEFA5D64&ssid=9492f279-1dcc-4a05-a9bd-9a73540a3421
product,44114,,2012,Dodge,Durango,Crew AWD,,,,uid=BDCBDAF2-F430-CD2F-FA1DF22C7954B8E4&ssid=97b975c0-36ac-430f-bdae-7dda2df78c58
product,44114,,2012,Audi,Q5,2.0T Premium,,,,uid=21BB6A0A-EDB7-1DA7-538EB1AFAEFA5D64&ssid=e81cccf2-a6bb-45fc-8127-4ec1649dec36
product,44114,,2012,Dodge,Durango,Crew AWD,,,,uid=BDCBDAF2-F430-CD2F-FA1DF22C7954B8E4&ssid=714d233c-a11e-4e27-9724-1e1c16dabbb1
product,44114,,2012,Audi,Q5,2.0T Premium,,,,uid=21BB6A0A-EDB7-1DA7-538EB1AFAEFA5D64&ssid=46e6c33a-db4d-472a-be14-71a99e1d0de1
product,44114,,2012,Kia,Sorento,LX,,,,uid=86ADD8A7-D290-FEEA-CB68A62ABA88D6E2&ssid=05eb486d-b3b5-44a1-b4c3-300c2aafef3b
product,44114,,2009,Kia,Spectra,LX,,,,uid=86ADD8A7-D290-FEEA-CB68A62ABA88D6E2&ssid=8a637bdc-b737-4e5c-b805-32902c8f0396
product,44114,,2009,Kia,Spectra,EX,,,,uid=86ADD8A7-D290-FEEA-CB68A62ABA88D6E2&ssid=550fccc1-b4b0-4765-a97f-c7468e24b8d9
product,44114,,2012,Mercedes-Benz,G550,SUV,,,,uid=4D845891-A37B-2FF1-A9460F4F9972DA0F&ssid=e09fe6a7-cd90-44bb-8602-d26e25c9fd9a
product,44114,,2012,Dodge,Durango,Crew AWD,,,,uid=BDCBDAF2-F430-CD2F-FA1DF22C7954B8E4&ssid=cf157644-418e-41ab-b7f0-a4864aae2b2a
product,44114,,2012,Kia,Sorento,LX,,,,uid=86ADD8A7-D290-FEEA-CB68A62ABA88D6E2&ssid=9aafd54a-3d8a-4414-a922-d12a9c8d2b30
product,44114,,2012,Kia,Sorento,LX,,,,uid=86ADD8A7-D290-FEEA-CB68A62ABA88D6E2&ssid=fc4928aa-54cf-4c2e-b0dc-57255f5a31b2
product,44114,,2009,Kia,Spectra,EX,,,,uid=86ADD8A7-D290-FEEA-CB68A62ABA88D6E2&ssid=7b68af87-be99-48cc-964d-c7fb67386f28
product,44114,,2012,Kia,Sorento,LX,,,,uid=86ADD8A7-D290-FEEA-CB68A62ABA88D6E2&ssid=2082196a-5cc6-4fe1-8c8b-514e35d9b77a
product,44114,,2012,Dodge,Durango,Crew AWD,,,,uid=BDCBDAF2-F430-CD2F-FA1DF22C7954B8E4&ssid=21c98ce0-7e79-4315-a81a-f31c7a3050b4
product,44114,,2009,Kia,Spectra,EX,,,,uid=86ADD8A7-D290-FEEA-CB68A62ABA88D6E2&ssid=900224b6-915f-42c4-ad20-58fa36366aa1
product,44114,,2012,Mercedes-Benz,G550,SUV,,,,uid=4D845891-A37B-2FF1-A9460F4F9972DA0F&ssid=b06c1dcd-a7ce-42ea-88dd-b07ac95dc18d
product,44114,,2012,Audi,Q5,2.0T Premium,,,,uid=21BB6A0A-EDB7-1DA7-538EB1AFAEFA5D64&ssid=a5da28ac-54d2-4bc0-bcd9-5de3311ed7d6
product,44321,,2012,Dodge,Durango,Crew AWD,,,,uid=61AE878B-F1C9-452C-9796C5DEC138D342&ssid=4803f9fe-c517-4e39-a1f8-cb1eabcca6c0
verify,44321,,2009,Kia,Spectra,LX,,,,uid=86ADD8A7-D290-FEEA-CB68A62ABA88D6E2&ssid=cf9c755d-849a-4f41-be37-895959d33ea5
verify,44321,,2012,Dodge,Durango,Crew AWD,,,,uid=61AE878B-F1C9-452C-9796C5DEC138D342&ssid=7303f716-6a7c-40ee-adbe-b1528b418275
verify,44321,,2012,Kia,Sorento,LX,,,,uid=EBE348C5-F4A8-28FF-FCA730B8A0781699&ssid=e0c3898e-3f1a-4df9-8473-49e4065d59e5
verify,44321,,2012,Dodge,Durango,Crew AWD,,,,uid=61AE878B-F1C9-452C-9796C5DEC138D342&ssid=4c5e5ebd-441d-4851-81fa-f70ff7ffa609
tirecoach,44321,,2012,Kia,Sorento,LX,,,,uid=EBE348C5-F4A8-28FF-FCA730B8A0781699&ssid=d318da7f-e2ba-446c-9b88-db436f7d6d39
install,44321,,2012,Dodge,Durango,Crew AWD,,Wrangler SR-A,2,uid=61AE878B-F1C9-452C-9796C5DEC138D342&ssid=2fb6f3e2-13a8-4321-a18b-933e2914b3a6
verify,44321,,2012,Mercedes-Benz,G550,SUV,,,,uid=5E276E14-ABFE-3B28-66D3F9E68B8C3D0B&ssid=30fd4caf-3489-4e46-b56c-775ceea8936c
verify,44321,,2009,Kia,Spectra,LX,,,,uid=EBE348C5-F4A8-28FF-FCA730B8A0781699&ssid=a80d9e75-e10c-4626-9015-a267f295c6d7
verify,44321,,2012,Dodge,Durango,Crew AWD,,,,uid=61AE878B-F1C9-452C-9796C5DEC138D342&ssid=5d90ae09-3d1e-43b9-a53b-c6693da03bf5
tirecoach,44321,,2012,BMW,640i,Convertible,Option (19"),,,uid=A95FC3D1-075F-4294-35C6821E6327F7FF&ssid=58505ae7-dc1a-478f-9e0a-6ea9d7c31059
install,44321,,2012,BMW,328i,Convertible,M Sport Package,Potenza RE050A I* RFT,2,uid=A95FC3D1-075F-4294-35C6821E6327F7FF&ssid=31a76ee7-3a9d-4303-88ae-9c59e4d3f46e
product,44114,,2012,Audi,Q5,2.0T Premium,,,,uid=21BB6A0A-EDB7-1DA7-538EB1AFAEFA5D64&ssid=accf3d50-7777-4c13-a22b-c0afc897bc37
product,44114,,2009,Kia,Spectra,EX,,,,uid=86ADD8A7-D290-FEEA-CB68A62ABA88D6E2&ssid=f505a14f-2e1b-4297-a25c-f3c0210a8bd0
product,44114,,2012,Mercedes-Benz,G550,SUV,,,,uid=4D845891-A37B-2FF1-A9460F4F9972DA0F&ssid=5241e2db-eaeb-4aa6-886d-dedb10267340
product,44114,,2009,Kia,Spectra,LX,,,,uid=86ADD8A7-D290-FEEA-CB68A62ABA88D6E2&ssid=c7434786-264f-4888-b115-5d2332f20f9e
product,44114,,2009,Kia,Spectra,EX,,,,uid=86ADD8A7-D290-FEEA-CB68A62ABA88D6E2&ssid=4b96f54b-f7ab-4aae-b372-b713fe7f232c
product,44114,,2012,Kia,Sorento,LX,,,,uid=86ADD8A7-D290-FEEA-CB68A62ABA88D6E2&ssid=35a3cb31-a0aa-4301-b00f-15098066bf15
product,44114,,2012,Kia,Sorento,LX,,,,uid=86ADD8A7-D290-FEEA-CB68A62ABA88D6E2&ssid=158b1ecd-62d7-4e3d-85b5-85637cd67a21
product,44114,,2012,Mercedes-Benz,G550,SUV,,,,uid=4D845891-A37B-2FF1-A9460F4F9972DA0F&ssid=d953d2a0-20bb-4916-8172-cac29d9b6f08
product,44114,,2009,Kia,Spectra,LX,,,,uid=86ADD8A7-D290-FEEA-CB68A62ABA88D6E2&ssid=196384aa-5c50-4b84-801d-09d56dfb692e
product,44114,,2012,Dodge,Durango,Crew AWD,,,,uid=BDCBDAF2-F430-CD2F-FA1DF22C7954B8E4&ssid=5e402c7f-1487-4d2a-8e47-32ce5d6bcca8
product,44114,,2012,Mercedes-Benz,G550,SUV,,,,uid=4D845891-A37B-2FF1-A9460F4F9972DA0F&ssid=497711f2-a149-4954-a9e2-aa70dd819bdb
product,44114,,2012,Dodge,Durango,Crew AWD,,,,uid=BDCBDAF2-F430-CD2F-FA1DF22C7954B8E4&ssid=54b8db3c-7094-42b5-a4a8-a2b77a9666dc
product,44114,,2009,Kia,Spectra,LX,,,,uid=86ADD8A7-D290-FEEA-CB68A62ABA88D6E2&ssid=9806724f-07b3-40bd-8929-ac385acc5799
product,44114,,2012,Audi,Q5,2.0T Premium,,,,uid=21BB6A0A-EDB7-1DA7-538EB1AFAEFA5D64&ssid=e1706e28-716d-4b30-95d3-7d0327a448c6
product,44114,,2009,Kia,Spectra,EX,,,,uid=86ADD8A7-D290-FEEA-CB68A62ABA88D6E2&ssid=df9e27da-94e6-4a9c-8f00-0522121442f8
product,44114,,2012,Mercedes-Benz,G550,SUV,,,,uid=4D845891-A37B-2FF1-A9460F4F9972DA0F&ssid=a69e3a0e-4da9-4a51-be14-e6c21422f44b
product,44114,,2012,Kia,Sorento,LX,,,,uid=86ADD8A7-D290-FEEA-CB68A62ABA88D6E2&ssid=58284dce-eaed-42fc-9dac-e8c08a1675c1
product,44114,,2012,Kia,Sorento,LX,,,,uid=86ADD8A7-D290-FEEA-CB68A62ABA88D6E2&ssid=01ce3ba2-722d-43a0-943a-fb955d117f38
product,44114,,2012,Mercedes-Benz,G550,SUV,,,,uid=4D845891-A37B-2FF1-A9460F4F9972DA0F&ssid=3f9090ac-d805-4572-96a9-051474be35b6
product,44114,,2012,Mercedes-Benz,G550,SUV,,,,uid=4D845891-A37B-2FF1-A9460F4F9972DA0F&ssid=50e9e07e-86a4-4a4c-8ff2-6f00481c61b4
product,44114,,2012,Mercedes-Benz,G550,SUV,,,,uid=4D845891-A37B-2FF1-A9460F4F9972DA0F&ssid=3551b3f9-eaf4-43c1-b9a9-2001ec769e52
product,44114,,2009,Kia,Spectra,EX,,,,uid=86ADD8A7-D290-FEEA-CB68A62ABA88D6E2&ssid=289da2c1-b166-4087-a44e-3bb4fb62a7dc
product,44114,,2012,Dodge,Durango,Crew AWD,,,,uid=BDCBDAF2-F430-CD2F-FA1DF22C7954B8E4&ssid=a4276c56-b943-482e-b97a-8300a06d41aa
product,44114,,2012,Dodge,Durango,Crew AWD,,,,uid=BDCBDAF2-F430-CD2F-FA1DF22C7954B8E4&ssid=dd01326c-271b-4da3-9874-e013ca3c8498
product,44114,,2012,Audi,Q5,2.0T Premium,,,,uid=21BB6A0A-EDB7-1DA7-538EB1AFAEFA5D64&ssid=f59a9df4-d871-4176-9201-d4043689049c
product,44114,,2012,Kia,Sorento,LX,,,,uid=86ADD8A7-D290-FEEA-CB68A62ABA88D6E2&ssid=f071b482-92e9-4e3d-95d6-7d2c24ebd596
product,44114,,2012,Audi,Q5,2.0T Premium,,,,uid=21BB6A0A-EDB7-1DA7-538EB1AFAEFA5D64&ssid=468fdb5a-cd9d-4d37-bfb4-022a7995a70c
product,44114,,2009,Kia,Spectra,EX,,,,uid=86ADD8A7-D290-FEEA-CB68A62ABA88D6E2&ssid=4b508e14-744d-4071-9650-3851bedea8ea
product,44114,,2009,Kia,Spectra,LX,,,,uid=86ADD8A7-D290-FEEA-CB68A62ABA88D6E2&ssid=f94c9142-1850-4392-9f47-814027fd7057
product,44114,,2012,Mercedes-Benz,G550,SUV,,,,uid=4D845891-A37B-2FF1-A9460F4F9972DA0F&ssid=767f4440-a761-45b8-9e98-992dee8ce72d
product,44114,,2012,Kia,Sorento,LX,,,,uid=86ADD8A7-D290-FEEA-CB68A62ABA88D6E2&ssid=1849c015-ca6e-4a73-89a8-9635a80ac965
product,44114,,2012,Kia,Sorento,LX,,,,uid=86ADD8A7-D290-FEEA-CB68A62ABA88D6E2&ssid=06abe04f-452f-4106-af6d-148f17f4570d
product,44114,,2009,Kia,Spectra,EX,,,,uid=86ADD8A7-D290-FEEA-CB68A62ABA88D6E2&ssid=7f64ad18-86f0-47ed-b132-45eee4a6913a
product,44114,,2012,Mercedes-Benz,G550,SUV,,,,uid=4D845891-A37B-2FF1-A9460F4F9972DA0F&ssid=f042b084-2ca3-4ed0-b8ad-86c63a5e6fbb
product,44114,,2012,Kia,Sorento,LX,,,,uid=86ADD8A7-D290-FEEA-CB68A62ABA88D6E2&ssid=48930554-19bc-4183-aefd-808857ebda73
product,44114,,2012,Audi,Q5,2.0T Premium,,,,uid=21BB6A0A-EDB7-1DA7-538EB1AFAEFA5D64&ssid=9304b003-3b16-4923-98e0-9ee967f4e401
product,44114,,2009,Kia,Spectra,LX,,,,uid=86ADD8A7-D290-FEEA-CB68A62ABA88D6E2&ssid=b2230e57-8b16-406d-8ece-3065f9f97ad7
product,44114,,2012,Mercedes-Benz,G550,SUV,,,,uid=4D845891-A37B-2FF1-A9460F4F9972DA0F&ssid=285a8ecd-4d68-4c13-a68e-e547b5cf77f7
product,44114,,2012,Kia,Sorento,LX,,,,uid=86ADD8A7-D290-FEEA-CB68A62ABA88D6E2&ssid=839a0d99-832e-48cd-9559-9fc3954040b3
product,44114,,2012,Mercedes-Benz,G550,SUV,,,,uid=4D845891-A37B-2FF1-A9460F4F9972DA0F&ssid=cbb17933-54b9-4661-bd3b-bb9abdc298f9
product,44114,,2012,Kia,Sorento,LX,,,,uid=86ADD8A7-D290-FEEA-CB68A62ABA88D6E2&ssid=c997148f-2008-496e-8532-5392c456de80
product,44114,,2012,Audi,Q5,2.0T Premium,,,,uid=21BB6A0A-EDB7-1DA7-538EB1AFAEFA5D64&ssid=7c5324ab-4f42-4226-982c-67349ad07717
product,44114,,2009,Kia,Spectra,LX,,,,uid=86ADD8A7-D290-FEEA-CB68A62ABA88D6E2&ssid=571a33e9-88b9-4b9a-8d63-cf077246bdeb
product,44114,,2012,Kia,Sorento,LX,,,,uid=86ADD8A7-D290-FEEA-CB68A62ABA88D6E2&ssid=d929acc5-5577-411e-830a-cc3261556be4
product,44114,,2012,Mercedes-Benz,G550,SUV,,,,uid=4D845891-A37B-2FF1-A9460F4F9972DA0F&ssid=6964e207-faf6-4a74-9e48-2c6ea558f61a
product,44114,,2012,Audi,Q5,2.0T Premium,,,,uid=21BB6A0A-EDB7-1DA7-538EB1AFAEFA5D64&ssid=3de4aa18-2ac7-4b49-ae4a-4a0b47f23369
product,44114,,2012,Mercedes-Benz,G550,SUV,,,,uid=4D845891-A37B-2FF1-A9460F4F9972DA0F&ssid=56810389-69a9-417e-b485-d2fd05b47202
product,44114,,2012,Dodge,Durango,Crew AWD,,,,uid=BDCBDAF2-F430-CD2F-FA1DF22C7954B8E4&ssid=2f9b5e80-fe92-47ab-bf37-a09a05b83c18
product,44114,,2012,Audi,Q5,2.0T Premium,,,,uid=21BB6A0A-EDB7-1DA7-538EB1AFAEFA5D64&ssid=eed7cac5-e76c-42e2-b011-c7ad07f3319c
product,44114,,2012,Dodge,Durango,Crew AWD,,,,uid=BDCBDAF2-F430-CD2F-FA1DF22C7954B8E4&ssid=c01a8416-992f-44c6-9d8a-b32ccca8d545
product,44321,,2012,Dodge,Durango,Crew AWD,,,,uid=61AE878B-F1C9-452C-9796C5DEC138D342&ssid=7ec60ab4-4c56-43a7-b3e7-681f9248b942
verify,44321,,2009,Kia,Spectra,EX,,,,uid=EBE348C5-F4A8-28FF-FCA730B8A0781699&ssid=897199f5-3162-4d95-a176-14fe1ea80979
product,44321,,2012,Audi,Q5,2.0T Premium,,,,uid=3C7C80D1-EBD3-8EE0-97924D011FF9B062&ssid=ab032a82-7c3d-4b73-8919-88af17ea9b23
verify,44321,,2009,Kia,Spectra,EX,,,,uid=EBE348C5-F4A8-28FF-FCA730B8A0781699&ssid=eab72f6b-44ed-4478-a1df-7df31cac1cc9
verify,44321,,2012,Dodge,Durango,Crew AWD,,,,uid=61AE878B-F1C9-452C-9796C5DEC138D342&ssid=a77c8fb0-de55-4794-9ebb-4b82a24b53f9
verify,44321,,2009,Kia,Spectra,LX,,,,uid=EBE348C5-F4A8-28FF-FCA730B8A0781699&ssid=f944d27a-1433-4645-9909-9c179b016b23
verify,44321,,2009,Kia,Spectra,LX,,,,uid=EBE348C5-F4A8-28FF-FCA730B8A0781699&ssid=2dd39218-0de3-4433-ab67-9c43140b7995
verify,44321,,2009,Kia,Spectra,LX,,,,uid=EBE348C5-F4A8-28FF-FCA730B8A0781699&ssid=354f09c4-b8be-4c3f-a11d-689f53870e18
verify,44321,,2012,Kia,Sorento,LX,,,,uid=EBE348C5-F4A8-28FF-FCA730B8A0781699&ssid=9203fc30-49da-4dae-bcb5-3c9d0e805326
verify,44321,,2012,Dodge,Durango,Crew AWD,,,,uid=61AE878B-F1C9-452C-9796C5DEC138D342&ssid=57e2e03a-7e90-4ff8-89b7-d059814f13b4
verify,44321,,2012,Dodge,Durango,Crew AWD,,,,uid=61AE878B-F1C9-452C-9796C5DEC138D342&ssid=94339706-2b5f-405c-9a77-c5abc50cd601
verify,44321,,2012,Dodge,Durango,Crew AWD,,,,uid=61AE878B-F1C9-452C-9796C5DEC138D342&ssid=354f09c4-b8be-4c3f-a11d-689f53870e18
verify,44321,,2009,Kia,Spectra,LX,,,,uid=EBE348C5-F4A8-28FF-FCA730B8A0781699&ssid=c461a290-ce5d-4faf-8119-a53fed1ba827
verify,44321,,2012,Kia,Sorento,LX,,,,uid=EBE348C5-F4A8-28FF-FCA730B8A0781699&ssid=aad4a77b-c326-4bb6-a703-ccb11938e68e
verify,44321,,2012,Dodge,Durango,Crew AWD,,,,uid=61AE878B-F1C9-452C-9796C5DEC138D342&ssid=c461a290-ce5d-4faf-8119-a53fed1ba827
tirecoach,44321,,2012,Audi,Q5,2.0T Premium,,,,uid=3C7C80D1-EBD3-8EE0-97924D011FF9B062&ssid=0f550cfe-e3f8-4cb0-a123-654acd38d519
install,44321,,2012,Audi,Q5,2.0T Premium,,Scorpion Verde A/S Plus,2,uid=3C7C80D1-EBD3-8EE0-97924D011FF9B062&ssid=0a7a6527-84df-4e19-acaf-15fc44d23193
tirecoach,44321,,2007,BMW,525xi,Sedan,Sport Package,,,uid=A95FC3D1-075F-4294-35C6821E6327F7FF&ssid=c186543a-7547-4fe9-abff-fc156574c223
install,44321,,2012,BMW,640i,Convertible,M Sport Package (19"),SP Sport Maxx GT,2,uid=A95FC3D1-075F-4294-35C6821E6327F7FF&ssid=7cd9fea5-78f7-42dc-af51-e4ff67dc7abb
product,44114,,2012,Audi,Q5,2.0T Premium,,,,uid=21BB6A0A-EDB7-1DA7-538EB1AFAEFA5D64&ssid=1e11a92a-cbdb-4dea-af4f-fa32000b68f0
product,44114,,2009,Kia,Spectra,EX,,,,uid=86ADD8A7-D290-FEEA-CB68A62ABA88D6E2&ssid=99480854-7826-42fb-afa2-4266651c917a
product,44114,,2012,Kia,Sorento,LX,,,,uid=86ADD8A7-D290-FEEA-CB68A62ABA88D6E2&ssid=ae23f8d9-8dd7-4b10-ab9c-21e31a37b3a9
product,44114,,2009,Kia,Spectra,LX,,,,uid=86ADD8A7-D290-FEEA-CB68A62ABA88D6E2&ssid=058e3485-8431-4e02-b89b-d8dd20a46dbf
product,44114,,2012,Dodge,Durango,Crew AWD,,,,uid=BDCBDAF2-F430-CD2F-FA1DF22C7954B8E4&ssid=50cb6a1a-671c-4774-8718-dddd731eb8b3
product,44114,,2012,Kia,Sorento,LX,,,,uid=86ADD8A7-D290-FEEA-CB68A62ABA88D6E2&ssid=a8ff7c5f-bd75-4dc9-b823-356c523e49c4
product,44114,,2009,Kia,Spectra,LX,,,,uid=86ADD8A7-D290-FEEA-CB68A62ABA88D6E2&ssid=b9dcaa1d-f713-4be4-ba46-7445cd657f77
tirecoach,44321,,2012,Kia,Sorento,LX,,,,uid=EBE348C5-F4A8-28FF-FCA730B8A0781699&ssid=0912392c-91fd-4aa1-b395-e4dffc366969
tirecoach,44321,,2012,BMW,328i,Convertible,M Sport Package,,,uid=A95FC3D1-075F-4294-35C6821E6327F7FF&ssid=1094e074-bdc5-4105-b791-bf4f52ba62cb
product,44114,,2009,Kia,Spectra,LX,,,,uid=86ADD8A7-D290-FEEA-CB68A62ABA88D6E2&ssid=910ec59b-116c-437f-8747-0f7b99374a32
product,44114,,2012,Kia,Sorento,LX,,,,uid=86ADD8A7-D290-FEEA-CB68A62ABA88D6E2&ssid=6d88098c-2892-4289-86d2-a95e651a1228
product,44114,,2009,Kia,Spectra,LX,,,,uid=86ADD8A7-D290-FEEA-CB68A62ABA88D6E2&ssid=cc336894-873f-45c7-8b35-2b7817b66387
product,44114,,2012,Dodge,Durango,Crew AWD,,,,uid=BDCBDAF2-F430-CD2F-FA1DF22C7954B8E4&ssid=43f7dd76-909f-4569-bffb-8c5e3d0da287
product,44114,,2012,Mercedes-Benz,G550,SUV,,,,uid=4D845891-A37B-2FF1-A9460F4F9972DA0F&ssid=ce99af5c-de90-41f1-ad0f-45134ff78a9c
product,44114,,2009,Kia,Spectra,LX,,,,uid=86ADD8A7-D290-FEEA-CB68A62ABA88D6E2&ssid=fb3e5b82-d7e0-4bbd-8c3a-35127ecf129b
product,44114,,2012,Dodge,Durango,Crew AWD,,,,uid=BDCBDAF2-F430-CD2F-FA1DF22C7954B8E4&ssid=90b8b465-d963-4bd2-8fbe-770a127ca707
installer,44114,,2003,Mercedes-Benz,E320,Sedan,Sport Package,Primacy HP,1,uid=4D845891-A37B-2FF1-A9460F4F9972DA0F&ssid=8917a7e6-c049-42b6-bfb1-f3d4772ffff3
